"","num","title","content"
"1",3,"ESFP 갤러리입니다.","         MBTI 성격 유형 중 하나인 ESFP에 대한 글을 써주세요.        "
"2",4,"니들이 귀찮아해서 내가 만듦","         됐냐?        "
"3",5,"어떻게 사람유형이","esfp가 나올수있지...? "
"4",6,"엣ㅡ하",""
"5",7,"여기 갤러들은 현생산다고 바쁠것 같으니 내가 자주 들러줌","글리젠을 활성화 시키자! "
"6",9,"미친 ","내가 그렇게 건의 했는데 ㅠㅠㅠㅠㅠ<U+00A0>생겼구나"
"7",10,"엣픞 사랑해<U+2764>+<U+2764>+<U+2764>+<U+2764>+<U+2764>+<U+2764>+<U+2764>+","레드벨벳 - Psycho  00:00 <U+26AB>─────────ㅤ03:31ㅤ<U+21C6>ㅤㅤ◁◁ㅤㅤ<U+275A><U+275A>ㅤㅤ▷▷ㅤㅤ<U+21BB>"
"8",11,"엣픞이 세계를 구해요^!^","레드벨벳 - Psycho  00:00 <U+26AB>─────────ㅤ03:31ㅤ<U+21C6>ㅤㅤ◁◁ㅤㅤ<U+275A><U+275A>ㅤㅤ▷▷ㅤㅤ<U+21BB>"
"9",12,"엣픞 친구덜 자주 왕","레드벨벳 - Psycho  00:00 <U+26AB>─────────ㅤ03:31ㅤ<U+21C6>ㅤㅤ◁◁ㅤㅤ<U+275A><U+275A>ㅤㅤ▷▷ㅤㅤ<U+21BB>"
"10",13,"갤매님 하루에 한번씩 올게영 ","부매 줭"
"11",14,"MBTI 갤러리에서 떡 돌리러 왔습니다.","반갑습니다. "
"12",16,"Infp랑","안맞지않냐? 나만그래?나 진짜 안맞아너네랑 안맞는 유형있으면 알려주"
"13",17,"출석도장 ","꾹"
"14",18,"esfp에게 사랑이란 뭐야?","         궁금해        "
"15",19,"출석도장","꾸욱"
"16",22,"출석도장","꾸욱"
"17",23,"신입 받아라","딴 유형 하나랑 번갈아나오긴 하는데 암튼 ㅇ.ㅇ<U+00A0>"
"18",24,"야 esfp","그만 귀여워라 설레니까"
"19",25,"안녕하세요","뉴비입니다 잘부탁드려요 "
"20",26,"출석도장","꾸욱"
"21",27,"isfj나 istj랑 연애해봄?","천생연분이라는데 궁금하네 "
"22",29,"출석도장","오늘은 내 생일<U+2763>+"
"23",31,"엣프피들아 너희 이상형이 어떻게되냐","보닌 성별이랑 이상형 댓남겨바"
"24",32,"출석도장","꾸욱"
"25",34,"출석도장","꾸욱"
"26",35,"이런거도있노","하위"
"27",37,"안녕",""
"28",38,"Esfp갤이 망할 수 밖에 없는이유.txt","정반대인 intj갤은 자기들 경험 나누고 분석하느라 벌써 개념글 2페이진데 esfp는 나가노느라 디씨질같은거안함. 할필요도없음"
"29",39,"1년만에 검사 해보니까 entp에서 esfp로 바꼈더라",""
"30",40,"헬로","esfp 게이 등장"
"31",41,"디씨에서 엣프피라고 하면 허언증 취급 받지않음? ㅋㅋㅋ","ㅋㅋㅋㅋㅋㅋㅋㅋ분명 억울한 엣프피 나말고 또 있지?"
"32",45,"[설문조사]카톡에 새 메시지로 떠있으면 하는 내용이 무엇입니까?","         아침에 눈 뜨자마자 본 핸드폰 알림창.누구에게, 어떤 내용을 받고 싶으싶니까?        "
"33",46,"나 esfp enfp 왔다갔다함","왤까 "
"34",47,"ESFP들은 어딜가면 많이 만날 수 있을까?","         MBTI가 유사과학인 건 알지만 잘 가장 편안한 관계가 되기 쉽다니까 한번<U+00A0>찾아나서 보고 싶음.<U+00A0>        "
"35",48,"esfp닉 내꺼다 ㅋㅋㅋ","오소이! "
"36",49,"우리 엄마가 ESFP인데","내가 MBTI 검사 해보라고 할 때  진짜 귀찮아 하셨거든  재밌지 않나... 했는데  왜 그랬는지 이 갤 보니까 알 거 같음  "
"37",52,"ㅋㅋ",""
"38",53,"이 갤 살았으면 좋겠다...","현생 바쁜건 아는데 자주 들러줘 얘드라"
"39",54,"지방에서 수도권와가지고 애들이랑 못노는중","이렇게 ㅈ같을수ㅜ가"
"40",55,"자주 들러줘 칭구덜!","         아라찌?        "
"41",56,"황족들만 모여 있네 ㅎㅇ","4분야 모두 선호분명도 분명갤주가능?"
"42",59,"여기가 씹인싸들만 모인 갤인가요?","여기저기 다 돌아다니고 있는데이 갤 리젠률이 제일 ㅎㅌㅊ네요다들 바깥세상에서만 사시나봐요"
"43",60,"니네 연애 엠비탸이 뭐 나왔냐",""
"44",62,"뉴비 대가리 오지게 박슴다","연애유형 esfpmbti esfp-t찐입니다. 방가룽"
"45",66,"지나가던 이엔티피인데","너희 유형이랑 진짜 상종을 못하겠다...같이 지내다보면 피꺼솟하는게 한두번이아닌듯예를 들어 이런것:약속시간 애매하게 잡음 그래서 그 약속시간 범위내에서 애매하게 대기를 타야된다는건데 왜 이딴짓거리를 강요당하는지 모르겠음바쁘면 담에 보자 하던가 늦으면 제대로 얼마나 늦는다고 말을하던가 그럼 맘편하게 딴걸 하고있을거아냐...내가아는 ESFP는 다 그러더라 우유부단하고 후.. 상극이다"
"46",67,"연애 MBTI 결과",""
"47",69,"오.....","나더 esfp "
"48",70,"ESFP정리글 인터넷에 검색하면 성격 딱나옴ㅋㅋㅋㅋㅋ","정리글같은거 보고싶어서 ESFP정리글 찾아봤는데이 유형놈의 인간들ㅋㅋㅋㅋㄱㅋㄱㄱ정리하다가 중간에 나머지는 여기서 보도록하자하면서 링크 걸어놓고 귀찮다고 다 중간에 정리그만둠ㅋㅋㄱㅋㅋㄱ으이그 나같은인간들ㅋㅋㅋㄱㅋㄱㅋㄱㅋ"
"49",71,"istj 놀러왔다","ㅋㅋㅋㅋ역시 인싸들이라 글이없네 ㅋㅋㅋㅋㅋ"
"50",72,"동생이 엣프피라 놀러온 인붕이임","난 인팁~인티제 왔다갔다 함.동생이랑 성격 완전 정반대인데 이상하게 얘랑은 죽이 잘맞더라고.글고 여기 갤 구경좀 하다가 짤 보고 완전 나다 싶어서도 생각함I중의 I, T중의 T맨날 듣는소리가나가서 사람 좀 만나라 이거랑 너는 찔러도 피한방울 안나올 놈이다 임."
"51",73,"esfp들아 니네 주변에 entj 있음?","entj랑 어떤거 같음?"
"52",74,"Esfp특","보통 깊은생각 안함본인 힘든일 때문에 생각하다가 난 왜이러케 진지하고 탐구적이야 스트레스받아(남들은 이미 다 한 생각)비련의 주인공인 경우 있음(스스로 서사 만듬)"
"53",76,"ESFP 글자보면 엑스터시 생각남 ㅋㅋㅋ","뭔가 마약같은ㅋㅋㅋㅋ그래서 사람하고 mbti글자랑 맞아떨어지는거같음"
"54",79,"ㄹㅇ mbti 맹신한다 시발 ","아싸중이 인싸 인싸사이에선 아싸 팩트 처음 친해지는거 진짜 ㅈㄴ 쉬운데친해지면 친해줄수록 할말도 없고 멀어지는거 팩트그래서 여기무리 저기뮤리 친구 자체는 ㅈㄴ 많은거 팩트 의지력 ㅈ 도없는거 팩트 주말에 안나가서 놀면 인생 망한거같은거 팩트 "
"55",81,"mbti 진짜 맞긴한듯","오늘 첨 해봣는데 의지력 박약이랑 계획 못 세우는거 빼박이넹...근데 난 친구 별로 없는데 연예인이면 뭐해ㅠㅠ"
"56",84,"Esfp으로만 술자리 모임 있으면","졸잼이게찌맨날 친구 동창회 불려다니고 친구 가족들이랑 밥먹는데넘 좋음 사람 만나는거 개꿀잼Esfp들만 있으면 예능쑈 찍을 수 잇을거가틈"
"57",85,"ESFP가 그룹에 있으면 진짜 모든면으로 좋음","본인 제일 친한 친구가 ESFP인데 모든 ESFP가 그렇진 않겠지만 너네도 비슷할듯 일단 얘가 있으면 어디든 분위기도 건강하고 활발해지고 분위기 다운되는일 절대 없음 운동도 좋아하고 춤 노래 음주가무 그냥 엔터테이너임 친한사람들 자존감도 올려주고 그냥 에너지 자체가 엄청 밝은 사람임 ESFP가 모든 그룹들에 가장 긍정적인 영향을 끼친다고 봄 "
"58",86,"역시 주말에 이거보는사람없네","어디다나가느라 이거 볼시간없지?  완죤 조용해 ㅋ  "
"59",87,"몬가몸가 본성은 어중강한갑다","ㅋㅋ이제출근하러간다 "
"60",88,"난 상처 되게 잘받는 편인데 너네는 어떰?","누가 나 싫어하는 것 같으면 엄청 신경쓰이고 상처 엄청받는데 엣프피 특징인가 해서"
"61",89,"esfp랑 intp이ㅣ랑 비슷해요??","안니 어ㅐ 인팁이랑 왓다각다하지사람 성격이 항상 같은게 아니잖아???시기따라 계절따라 요일따라 환경에 좌우되는데인팁도 내 성격닽고 저거도 비슷하메;"
"62",90,"엣프피 남자 성격 어떰?","알려줄 엣프피 남자"
"63",91,"엔팁 여잔데 엣프피 남자애를","좋아함 어떡해"
"64",92,"infj인데 친언니가 이 유형이라 놀러옴","나루토랑 사는거같음ㅅㅂ "
"65",93,"인싸 어떻게 되나요","         인싸가 되고싶어!        "
"66",94,"난생처음 mbti검사 했는데 esfp나옴","머냐? 맞는듯 안맞는듯 함"
"67",95,"ㅎㅇ 여기는 그래도 활발하네","반가워용 "
"68",96,"Isfj여자인데 esfp 남자애 좋아해","100일 좀 넘게 사귀고 군대가면서 헤어졌거든ㅠ그 친구는 첫연애인데 나는 그렇진 않아서 연애하면서도 내 과거가 떠오른다고 했었어 그래서 많이 힘들다고 했었어 내가 전남자친구 만날때도 얘는 날 2년간 좋아했었거든군입대 앞두고 계속 마음 뒤숭숭한게 보이더라고 걔가 먼저 헤어지자고 3번?했어 처음엔 내가 붙잡으려고 했는데 안잡히고 당일에 걔가 먼저 나를 잡더라구 그후 며칠뒤에 다시 헤어지자고 했어 후회됐는지 다시 만나자고 하더라고 나도 좋아하니까 다시 만나게 되었어 불안하긴 했지만 감정이 막 올라왔을때는 그 감정에 휩쓸려서 선택을 했다가 이성적으로 돌아왔을때 후회한다는걸 아니까 받아줘야겠다고 생각을 했었어 군대가기 5일전? 진지하게 얘기하면서 헤어지기로 했거든 성격차라기보다는 내가 군대를 기다리면서 내 할일 못할거고 걔는 그동안 연애하면서 내 과거가 떠올라서 힘들었어서 군대가면 더 불안할거고 그 과거를 받아들일 수 있게 마음정리를 하고 싶다고 했어ㅜ 자신이 정리를 하고 더 어른이 되었을때까지 내가 기다리면 다시 만나기로 했었어 서로 너무 잘맞아서 다시 만날거라고 그래서 나는 기다리겠다고 계속 얘기를 했고, 마지막으로 만날때 다시 그 마음을 확인하고 싶어서 날 다시 만날거냐고 물어보니까 좋아했던 감정이 변했다고 했어.. 만나는동안 서로가 정말 좋았고 남자친구의 친구들을 같이 만났을때도 서로가 서로한테 바라는게 없을정도로 잘맞는다고 했거든 얘의 지금 마음은 뭘까? 걔가 군대가기전에 나 쓰라고 노트북 빌려줬는데 제대하고나서 연락을 해봐도 될까? 어떻게해야 재회할수있을까"
"69",97,"야발 심심해.","나 슴살 새내기인데 솔직히 고3때 대학가면 친구 사귀고 친구들이랑 놀고 이러고싶거든? 근데 코로나 개객기 때문에 방에서 캠키고 공부하는 내 자신이 정말 우울해.... 그리고 머학생인데 머학친구도 없고 따흑...esfp인거 친구들이 알려줘도 그냥 아 그래? 하고 애들이랑 노느라 정신없어서 넘겼는데 지금 할 짓이 없어서 찾아보고 이러고 앉아있다; 친구마려워;;좀 tmi인가? 아 그리고 나 다른유형도 막 찾아봤는데 istj애들 유형이 딱 내 이상형같아... 난 노래 자체는 진짜 꽝이야...흥은 폭팔하기 직전인데. 고등학교때 음악 미술중에 음악했는데 음악쌤이 나보고 넌 아니라고 미술가라해서 바꿀정도였거든....근데 다행히 미술은 좀 한당ㅎ 난 좀 지적이고 체계적이고 조용히 할일하는 애들 좋아했거든. 내 주변 남사친 esfp도 좀 그런? 여자애들 좋아하더라고. 현모양처?느낌?아 쥰내 tmi인가??ㅋㄲㅋ 너희들은 어떻냐? 카톡말고 밖에 나가서 애들이랑 같이 뭐 먹고 놀러다니고싶다ㅠㅠ인생이 어떻게 이런 방구석에 구질구질하게 앉아서 공부만 하누...."
"70",99,"엣프피들 특징? ","다른곳 보닌까 다 자기 류들 특징 써놓더라. 우리갤만 있는듯 없어보여서...짜피 우리들 코로나 끝나면 여기 들어올 사람 아무도 없음.난 고1때 mbti 정식 검사? 랑 그냥 넷상에 있는 모든 검사 다 엣프피 나온 새럼임.(+여자임)「간단요약」1.인싸가 아니다. 친구가 많을뿐.2.호불호 심함.3.입 싸도 애들이랑 놀기 바빠서 기억못함. 애당초 기억해도 의리지킴.4.스펀지밥. 그냥 잘 웃음. 너희들이 좋아 이순간이 좋아!5.통찰력,현실주의6.정치질,남욕 그거 모두에게 안함.7.데드라인형 인간. 8.남 피해 입히기 싫고 말 한마디로 상처주기싫어서 넘김.9.친구 바라기. 배려 자체인 인간임. 뒷끝없음. 임기응변갑10.동물로 표현하면 골든 리트리버 새끼(내 친구158명중 128명이 답함. 10명은 그냥 강아지 나머지는...ㅋ)<ps.친구들 사이에 둘러싸여서 계속웃는 애가 esfp일 확률이 높다(여자한정)>다른 사람들이 써논거 다방면적으로 읽어 봤는데 인싸다 이런말 많더라고. 난 그냥 아싸야. 난 사람 만나는게 좋고 이야기 하는게 좋음.그러다보니 친구들이 늘어나 있을 뿐 인싸는 아녀...호불호 진짜 모든 유형중에서 우리 유형이 제일 티나는듯. 얼굴에 쓰여 있음. 또 이건 나뿐만 아니라 esfp들은 모두 인성을 앞에 두는듯.소심하거나 반응 혜자거나 감정기복이 심하거나 사람 많은 곳에서 주저앉아 흙을 퍼먹든 상관안함. 그냥 예의바르고 말 예쁘게 하는 애들이 내 친구로 많이 남아있는듯. 불호인 애들은 아무리 성적이 높고 과제 잘하고 나한테 득이 되어도 단물만 빼서 내 친구들이랑 나눠먹지 무리에 끼어주고싶지않음. 그냥 보면 촉이 쌔하게 와.<U+00A0><U+00A0>아 좀 위험한데? 무서운데? 느낌. 근데 신기하게 이런애들 주변에서 질 나쁘다고 부르거나 학폭 가해자거나 소년원 다녀오거나 지 좋은 애들만 골라 담는 애들임.입이 싸다 소문 쉽게 전파시키는 유형으로 많이 아는데 반은 맞고 반은 틀림. 입이 싼거 실화임. 솔직히 나도 친구 고민 들으면 다른 애들한테 말하고싶음. 근데 모순적이게 의리도 넘치고 능지가 딸린 편이라 기억 잘 못함. 당초 친구 만나서 놀아야 하기 때문에 그런거 기억할 수 없음. 의리 넘치는거 ㄹㅇ 리얼임. 죄수 딜레마 거기서 입닫고 난 친구를 믿어! 난 널 믿어! 이러다 통수 맞고 감옥에 몇십년 있는 류기도함...ㄸㄹㄹ...오디오를 꽉꽉 채움...호탕하고 잘 웃음. 나쁘게 말하면 시끄럽고 산만함. 이게 우리 유형특징인지 몰라도 난 그냥 내친구들을 보면 즐겁고 행복하고 사랑스럽고 좋아. 말 하면서 10초마다 웃는다. 그냥 친구가 누워서 자거나 물마시는것만 봐도 웃김.통찰력, 현실주의. 그외 난 이론이나 통계 들이밀면서 말해도 몰라.<U+00A0><U+00A0>당초 단순한 사고를 가진 사람이라. 예를들어 불이 위험한 이유를 과학 지식에 빗대어 설명하는것보다 내가 손 넣거나 불때문에 크게 화상 입는 사진을 봐야 위험하다는걸 깨달음. 뭐 만들때도 설명서는 집어 던지고 조립하다 풀렀다 조립하다가 풀렀다 반복함. 통찰력은 친구들이 대략 무슨 생각하는지 어떤애인지에서 쓰이는것같다. 현실주의만큼 현실적인 조언을 잘 해준다더라. 나는 모르겠다. 애들 평가가 그럼.데드라인 오면 아주 좋아죽음. 고3때 수능 디2주 전부터 공부한 사람임.(아 물론 수시러ㅅㄱ) 그정도로 데드라인에 맞춰 공부하는듯. 외워서 하는 수행 다 전교시 수업시간에 급하게 외워가지고 보거나 제출해야 하는건 친구한테 애교떨어서 보고 쓴듯. 아 물론 개인일때 한정이야ㅎ. 팀플로 가면 제일 먼저 자료찾고 최대한 민패 안끼치는 쪽으로 열심히 행동함. XSXP 특징인거 같은데 남에게 나때문에 피해 가게 하는거 ㅈㄴ싫어함. 내 후배가 잘못해도 속에서는 막 욕하고 저 쌍넌 죽여 외치는데 실제 하는말은 괜찮아! 다음부터 잘하면 장땡이지! 그동안 수고해줘서 고마워임. 내가 후배에게 존댓말을 쓰게 함으로 쟤는 날 어렵게보고 의견하나 제대로 내지 못하는거 아닐까라면서 본인 스스로 후배에게 존댓말 씀. 선배들은 모르고 친구나 후배들한테는 항상 인기많았던것같음.정치질 및 남욕하기. 이거 모두에게 한정아녀. 이거 불호애들 한테 한정임. 물론 esfp중에 개ㅈ같은 또라이도 있겠지. 걔네들 제외하고 만약 너가 대체로 esfp한테 정치질을 당했다면 넌 인성이 글러먹었던가 ㅈ같이 말했던가임. 동료들한테 보통 남욕을 하지? 아무나가서 남욕 안함. 동료애가 넘쳐 흐르는애들이라 내가 데임으로 주변에 있는 친구들이 못데이도록 싹을 잘라버릴려 하는거임. 혹은 감정이 발달되어서 너한테 쓴소리는 못하겠고 화는 나는데 그걸 풀어야겠고 해서 위로받을겸 가거나. 막 욕은 안하는것 같던디? 나도 그렇고 내주변 esfp애들 봐도 아 쟨 진짜 왜저러냐? 하...답답하다 진짜. 말 하는거 봄?<U+00A0><U+00A0>나한테 행동하는거봄? 이게 끝임. 무엇보다 친구랑 싸워도 깊게 안담아두고 10분뒤면 걔한테 가서 아핳핰핰핰핳 하고있음.능지 딸리는 esfp가 갑자기 상위1퍼센트로 돌변하는 경우가 있는데 위급할때 대처를 잘하는듯. 임기응변ㅇㅇ.무엇보다 앞에 나와서 떠드는거 좋아하지 않냐? 코미디 이런거. 나 항상 발표했었음. Ppt 발퀄인데 입담때문에 살렸다고 재치있고 웃긴친구라 생기부에 적힘. 나 타학교 친구가 추천해서 마침 개교기념일이라 타학교 가가지고 축제 보조mc도 함. 진행보다는 옆에서 흥 돋아주고 이벤트하는거.그외 기억나는건 없는데? 난 파티광도 아니고. 남 이야기 잘들어 주고 말만 예쁘면 남의 조언도 잘 받아들이고 고침. 시간약속은 사바사고.이번 코로나 끝나면 친구들이랑 예약 약속 잡아놔가지고 5차 뛰어야한다. 야발. 이 갤에 있는 너희들도 코로나 끝나면 나가느라 바쁘겠지? 우리 다같이 힘내자... "
"71",101,"지나가던 INTJ임",""
"72",102,"esfp랑 enfp랑 먼차이냐","성격 뭔가 고만고만한거같은데"
"73",104,"너네 융통성 없다는 소리 많이 들음?","근데 esfp특징이 융통성이 있는거래 흠"
"74",105,"엣프피로 사는거 돈 너무 많이 들지 않아?","안 그래도 무계획적으로 사는데ㅋㅋㅋ큐ㅠ술마시고 밥먹고 놀러가는거 동아리나 동호회 등등 돈 넘 많이 들어ㅠ엣프피의 숙명인 듯코로나 때문에 학교 사람들 못 만나고 있는데돈이 굉장히 절약되고 있어서 개이득이라고 생각했지만사람을 안 만나니까 정신적인 고통이 넘나 마이너스임ㅋㅋㅋㅋㅋㅋㅋㅋ"
"75",106,"동아리 어디 들어갈지 고민이야","내가 락을 굉장히 좋아해서 밴드동아리에서 기타 배워보고 싶어근데 연습시간도 필요할테고 악기사는데 돈도 들고 술값은 기본에ㅋㅋㅋㅋ학점 망할 거 같음(전에 오케스트라 동아리 했을 때 너무 열심히 활동해서 방학내내 연습하고 연습끝나면 술+동아리 회비도 좀 있는 편이었고 학교생활 다 팽개치고 집부활동해서 학점 망했었음)이성적으로 생각하면 활동 많이 없는 학술 동아리 들어가서 순수하게 술만 마셔야 맞거든?근데 학술 동아리 너무 재미없을 거 같아서 고민 돼ㅋㅋㅋㅋ노답"
"76",107,"엣팁인데 놀러옴","진짜 알파벳 하나 차인데 너네 진짜 좀 마니 다르네진짜 자기상태가 어떤지 막 알려주고 싶어하는거같음ㅋㅋㅋㅋㅋ그래서 귀엽다고"
"77",108,"퇴사하고 싶었는데 막상 퇴사하니까 ㅠㅠㅠㅠㅠㅠ","너무 아쉬워 다들 좋으신 분들이었는데 ㅠㅠㅜㅜㅜ우리팀 분들은 롤케익빵사서 돌리고 다른 유관부서 분들은 배즙 한박스 사서 돌리고 인사하는데 ㅠㅠㅜ편지까지 써주신 행님은 진짜 눈물나더라 아"
"78",109,"ㅈㄴ 우울해","혼자 있는 지금의 시간이 싫은건 아닌데 이젠 좀 밖에서 뛰놀면서 사람 만나고 싶다"
"79",110,"근데 esfp 고집센편이지않나","이건 단점?으로도 종종 언급되기도 하고여튼 은근히 고지식한 구석 있는데대체로 고지식하다=융통성없다 아닌가밑글보니 먼가 아다리가 안맞는거같기도하고사바사겟지만"
"80",112,"인티제 방문소감","참고로 본인은 여자1. 쾌활하다. 말(감정표현)이 너무 많음. 한페이지 읽었는데 에너지 타노스됨.2. 스몰토크 위주로 주제가 빨리 바뀌는듯.3. 인별이나 페북에서 뭐 소개할 때 호들갑 떠는거 이해못했는데 여기 보니까 수요층이 있다는 것을 깨달음.4. 연예인 자짤이 많다.5. 아무래도 이번생 인싸는 그른것같다..."
"81",113,"야들아 너희들은 선물같은거 받을때","실용적인거였으면 좋겠냐 아님 우리들만의 소중한 추억...★(아련)이런거였음 좋겠냐.난 개인적으로 남친/여친들이 상대 애인에게 꽃이나 향수,인형 선물 하는거 이해안감.받을때는 고마운티 엄청 내긴하는데 그냥 전시용 그이상 그이하도 아니게 됌. 양심상 중고로 팔아버리진 못하겠는데 그냥 그래. 차라리 악세사리 같은거나 지갑 등 좀 필요하고 실용적인거 추구하는 편.너희들 영화도 좋아해? 틀어주면 보는편인데 돈 내고 까지는 안봄. 특히 로맨스ㅋ. 한 때 썸남이 로맨스 영화광이라 너무 질리고 정신적 스트레스 받아서 일부러 쏘우 예약하고 본적있었음. 물론 썸도 깨져버렸지만...."
"82",114,"나는 잇팁인데 내가 아는 놈이 엣프피임","친구는 개많아보임 부러움 근데 가끔 이 놈 기분이 나빠보일 때가 있는데 이럴 땐 어떻게 해야 함?"
"83",115,"Esfp들은 고민상담사인가","Esfp인데 맨날 고민상담 해주고 있음 특히 연애상담근데 정작 본인은 마지막 연애가 1년 전임"
"84",116,"esfp들아","너네 isfp랑 잘맞아? 나esfp인데 제일 좋아하는 친구한테 검사하보라 그랬는데 isfp 나왔길래<U+00A0>"
"85",118,"Esfp끼리 모여서 살면 어떨까?","다들 천사같아서 범죄같은건 딱히 안일어날것같지않아?ㅋㅋ자식이 수술을 받아야 하는데 투잡 뛰어도 마땅한 돈이 없어서 그랬어요 흑흑 하면 esfp경찰도 시민들도 모두 뒤돌아가지고 즙 짤듯....법대로 하면 감방인데 이건 예외지 하면서 모금해가지고 풀어주고ㅇㅇ. 다들 선은 안넘어가지고 강력 범죄는 안일어날듯.근데 복잡한 일 생기면 서로 폭탄돌리기 하다가 옆동네 n인 애들 끌고와서 일시킬듯. 아니면 아몰라 어떻게든 되겠지라며 엔딩대사 던져주고 직진하다가 망하던가."
"86",119,"안녕하세요, MBTI별 설문조사 하러 나왔습니다.",""
"87",120,"니네도 남 잘되면 배아픔?","세상살다보면 가족친척이든 친구든 연예인이든 그외다른3자든 누군가 잘되거나 돈많이벌게되어도 나는 그냥 그런갑다~ 이런 생각밖에 안드는데 세상사람들 왜이렇게 열폭하고 욕하고 배아파함? 아 ㅅㅂ ㅈㄴ 이해안돼 그딴식으로 사니까 인생 ㄱㅆㅎㅌㅊ인거아님? 그런거볼때마다 세상사람들이 나를 상대로 서프라이즈 몰카중인거같음 "
"88",124,"근데 나는 씀씀이 그렇게 크지 않음","돈 되게 절약함"
"89",125,"엣프피들아 니네는","삶이 예측불가했으면 좋겠음?난 예측되는 삶이 좋음위험 감수하고 막 이런게 싫어서..그리고 맨날 까먹고 이러니까그거때문에 막 성적에 변수생기고 이러는게스트레스임 그거만 없으면 내 성적이 더 잘 나올텐데.."
"90",127,"난 인맥 안 넓음","뭐해 씻어 뭐해 밥먹어만반복되는 그런 의미없고 재미없는 연락이 질림그냥 소수 친구들이랑 편하게 노는게 좋아.."
"91",129,"엣프피 빙고","1. 자유 : 구속받는건 싫음2. 엣프피들이 대부분 불안형 애착유형이라던데 이거때문인듯3. 밈 조아하긴 해 ㅋㅋㅋ 짤 같은거 말고 걍 유행하는 밈4. 마지막에 웃는자가 승자가 아니고 많이 웃는자가 승자래5. 도전 시름. 위험성 감수하고 그러는거 시러함 그래서 어렸을때부터 내기할땐 참여 안 했음 인형뽑기도 지금까지 한번? 해봄 그런거 진짜 시러함6. 쉽게 질림.. 맞음7. 경험으로 인생을 이해함 맞는것같음 그냥 추상적이게 들은거는 나에게 큰 교훈으로 다가오지 않아8. 이건 ㅋㅋㅋ 당연하고9. 호들갑떪10. 딱히11. 가끔 진지모드 돼서 막 연설할때 있음.. 진지할땐 진지해야지12. 긍정 낙천 맞아요13.<U+00A0>14. 낯 가리긴하는데 빨리 친해짐 나를 그냥 다 드러내서 그런가봐15. 열정적이고 주도적 적극적이게 행동함16. 이건 ㄹㅇ임 진짜17. 어릴때 사고 친적이 없음18. 갈등 싫어.. 그래서 그냥 화낼때도 장난식으로 화내거나 그냥 대부분 좋게좋게 넘어가주는 타입 대신 나한테 피해가 크면 절대 안 참음19. 엔터테이너 ㅇㅇ 이건 직업은 아닌데.. 그냥 친구들 가운데서 롤20. 맞습니다~21. 사람 파악 그닥 빠르지 않은것같음22. 자기주장 강함 맞음23. 막 그렇게 인권에 관심있는 편은 아니야.....24. 급식이라 아이디어 낼 일이 별로 없음 ㅋㅋ25. 맞음"
"92",131,"50문답","1. 좋아하는 사람이 이상형이라는 것2. 딱히... 멀어진 친구가 있긴한데 그냥 자연스럽게 냅두는게 최고라고생각3.<U+00A0>4. 더워지기 전의 봄 낮5. 아무데나 좀6.<U+00A0>7. 걍 다 써서..8. 선생님 덕질하는 ‘척’은 해봤다9. 어렸을때가ㅜ제일 예쁨10. 첫인상이 무섭다11.<U+00A0>12. 친구들 단톡방에 혼잣말하기13. 드라마14. 유튜브 디씨 메신저앱<U+00A0>15. 뭐 모으는 스타일 아님16. 난 나를 알다가도 모르겠음 좀 변화가 많음 내가17. 많이 웃기.. 이런건 너무 슬퍼 인생의 마무리를 벌써 왜 생각하는거냐고18. 필기구.19. ㅋㅋ 스트레스 받아서 화병났던 사람있음 맨날 나 꼽주고 지들끼리 나 상대로 꼽주고 쑥덕쑥덕대고20.<U+00A0>21. 몸의 한 부위를 움직여야한다는 강박22. 오늘 꾼 꿈23.<U+00A0>24.<U+00A0>25. 하도 많아서26. 내 친구들27. 요리못함"
"93",132,"MBTI  설문 참여해주세요 여러분","         https://forms.gle/YTWrY5EDvcRgtwqk9나중에 통계나옵니다        "
"94",134,"안녕 나 isfj","젤 친한 친구가 이 유형이라 놀러왔어 방가워"
"95",135,"인프젠데 친한 친구 이거나옴","ㅇㅇ "
"96",136,"너네도 울음 많냐??","막 싸우거나 할 때 시작부터 펑펑 울지않는데 내 뜻 대로 안풀리면 삼류드라마처럼 흐느끼지않고 또르륵 흘림. 화를 억누르지 못해서 그런것같은데 내 최대 단점이야... 그전까지는 화나도 일부러 ㅋㅋ치면서 풀어볼려 하는데 실이 안풀리면 그냥 정색한 얼굴에서 눈물만 흘림. 이때부터 화법자체도 직설적으로 바뀌고 목소리 톤도 많이 낮아짐."
"97",138,"나만그런가","엣프피는 다 자존감 만땅이지 않아?<U+00A0>"
"98",140,"다이버전트 영화 앎?","mbti랑 연관은 크게 없는데 애네들은 5분파로 나뉜다.우리들은 저 분파중에 애머티에 들어갈것같아. 혹은 에브니게이션인데 나라면 애머티로 갈듯."
"99",141,"짤에서 본건데","친구가 우울해서 꽃 사왔어....하면 뭐라 말해 줄거야???난 그냥 친구면 우울해?<U+00A0><U+00A0>무슨일 있었어? 우울하지마랑ㅠㅠㅠ 근데 우울한데 꽃 샀다는거 뭔데 좀 귀엽냐ㄹㅇㅋㅋㅋ 킬포임ㅇㅇ. 이럴것같고<U+00A0><U+00A0>짱친이면 ㅋㄱㅋ꽃은 왜?? 아 내가 좀 꽃같다는 말을 많이 들어서...ㅎ그 꽃을 산 이유는 내가 보고싶은건강? 나 닮은 예쁜꽃 소중히 다뤄랑~ 사랑해♥ 이럴듯.처음엔 그냥 무뚝뚝하고 형식 지키면서 사는데 점점 친해질수록 활발함으로 사람들 피곤해 죽일 수 있고 하트나 귀여운 말투 쓰는듯.설명해줘 왜가 아닌 그냥 왜를 잘 쓰는것같어ㅎㅎ."
"100",143,"배려심이 많다고 자칭하지만 사실 줏대대로 행동함","조원들을 서로 연결해주거나 관대하거나 배려심이 넘친다고들 칭찬해주는데 사실 배려심을 포장한 내 줏대대로 행동하는것 같음. 친구들이 어디 음식점 갈까 라고 물어봤을때 너희가 좋아하는 곳으로 가자ㅎㅎ 이렇게 대답하지만 사실 가고싶은곳은 따로 있음. 애들도 다 괜찮다하면 룰렛 돌리자고 나서서 가고싶은곳이 나올때까지 돌림.<U+00A0><U+00A0>혹은 스리슬쩍 애들 정할 때 내가 가고싶은곳을 끼어 이야기를 돌림. 메뉴 정할 때 너희들 먹고싶은거 시키자고 말하지만 사실 대충 정해둠. 살짝 어필하면서 따라오게 만들지만 주문 가짓수가 늘어나면 몇메뉴는 포기해주기도해.1년에 한번 다투고 친분을 계속 유지한 친구는 유일하게 isfj. 속마음은 모르겠는데 킬각 재는거 아니면 내 알 바 아님. 서로간에 +요소가 많았고 현재만 사는 우리의 머리를 잡아 가야할 길을 알려준 친구임. 너희들도 잇프제 유형 만나면 친하게 지내라. 사바사인데 솔직히 친구 이미지가 호감이면 그 유형도 호감이잖아ㅎ."
"101",145,"인싸들은 뭐하냐","난 sns나 커뮤니티 하나도 안함 디씨도 필요한 정보만 찾을때 빼곤 딱히게임도 별로 안좋아하고 운동도 요즘 날씨 별로라 안나가고 여행도 때가 아니고 넷플왓챠도 딱히 보진 않고 책도 서점가보면 읽을책도 없고 뭔가 좆같은 감성ㅌㅊ 이딴거만 잔뜩있고 웹툰도 조아하는건 휴재임그래서 결국 유튜브만 보는데 내가 흥미있는건 진짜 다본거같음친구들이랑 만나는것도 다 지역 흩어져있고 각자 취준으로 바쁘기도함성격은 인싸같은데 뭔가 사는건 아싸같이 사는듯 ㅋㅋ진짜 인싸들은 뭐하냐? 공부 제외시간 죽일때 ㄹㅇ 뭐해야되냐 사는게 재미가 없다"
"102",146,"MBTI갤 완장 미친년 방구석 히틀러질 지림","ESFP갤 완장은 관리질 자체를 안하는 갓갓인데  주작으로 마갤 먹고 독재 디집어져ㅋㅋㅋㅋ  본인피셜 ENTJ라는데 J가 할 일 없나? 좆도 쓸모없는 마이너갤 관리나 하는게 J면 앞으로 J 절대 안부러워함 존나 한심하고 싫음^.^  "
"103",147,"나도 가끔 들어오긴하는데","진짜 조용하구나 여긴 ㅋㅋㅋㅋ다들 밖에서 노느라 바빠가지고 ㅠ"
"104",148,"우리집 분위기 어떨 것 같아?","나:ISTP엄마:ISFP아빠:ESFJ"
"105",149,"두달 전부터 가끔씩 눈팅 목적으로 오는데 진짜 조용하네","밖에 그만 좀 나가고 갤질 좀 해 이것들아 ; ㅋ "
"106",150,"근데 너희들은 엣프피인거 잘 기억해?","나 엠비티아이 이런거 고1때쯤 시키잖아. 나 그때도 진짜 귀찮아해서 결과 나온것도 안봤어.ㅋㅋ. 애들이랑 노느라. 그나마 친구들이 뭐 나왔냐 하면 검사지 펼쳐서 esfp 나옴. 딱 이 한마디하고 보고싶다는 애들 검사지 보여주고 다시 애들이랑 잡담했던것같아ㅋㅋ.그것도 검사지 한정이지 그거 어딘가에 쑤셔놔서 사라지고 타반 친구가 와서 물어봤을 땐 대답 못해줌ㅋㅋ 기억 안나서. 계속 es.... es뭐였는데 반복중. 엣프피인거 외우는데 5일 걸림ㅋㄱㅋ<U+00A0><U+00A0>근데 웃긴게 트윗하다 봤는데 나만 그런게 아니라 엣프피 나온 사람들도 es까지만 기억하더라ㅋㄱㅋㅋㄱㅋ "
"107",151,"남동생이 esfp 오늘도 놀러나갔네..","Isfp는 집이 좋아 ㅎㅎ"
"108",152,"나 중2때 헬피엔딩 일진썰 있어.","여중이었는데 15년 살면서 일진보면 븅신ㅉㅉ 가오만 잡누ㅋㅋ 이느낌이었거든?<U+00A0><U+00A0>근데 처음으로 두려워했던 일진이 생각남.점심때 밥먹고 애들이랑 떠들면서 앞문 여는데 둔탁한 소리가 들리고 내쪽으로 누군가 쓰러지는거야. 알고보니 일진이 애 의자로 내려침.1번이 아니라 2,3번 내리친것같은데 머리 깨지고 난생처음 인간이 죽음 직전 경련한다는 말이 뭔지 깨달음. 당빠 학교측에서 징계 때리고 기억 안나는데 무슨 교육? 받는다고 그 교육관으로 갔어.불행중 다행인건 의자로 머리 깨진 애는 살긴 살았는데 자퇴했고 그 후 그 한달 뒤인가? 일진애가 다시 학교로 복귀했음. 헬피엔딩인게 아빠 라기에는 젊은 남자 차를 타고 들어오더라고. 그래서 부모도 끼리끼리 만나서 의도치않게 낳은 자식인가 싶었는데, 친구들한테 수소문 해봤더니 그 교육받으러 갔었잖아. 거기서 남자 선생님 꼬셔가지고 사귀고있던거. 하교하면서 둘이 차안에 키스하는 장면이 아직도 기억에 남음ㅋㅋㄱㅋ. 얼굴도 반반하고 몸매도 좋아서 어떻게든 꼬신것같았는데 일진 모아놓고 교육시키는 인간이 그래도 되냐ㅋㅋㅋ. 미성년자랑. 인생살면서 참 여러가지 감정을 느껴본 경험인듯."
"109",153,"내 주변에 좀 과한 esfp 있는데 치명적인 단점 얘기해도됌?","남 힘든일 아픈일 있다하면 갑자기 위로해준다면서 얘기하면결국 나중에 술먹고 그거 약점 잡아서 이야기함남의 치부를 위안하는척 들어주고 결국 그거를 이용해 상대를 은근히 까내리는 습성,내 생각엔 남의 아픔에 자기가 위로받는것 같음. 기쁜일에는 존나게 대놓고 배아파함이 사람 전형적인 하루종일 밖에서 빨빨거리는 esfp임"
"110",154,"esfp랑 어떻게 친해져","나 intp인데 관심가는애가 esfp여서 esfp랑 친해지는 법좀 "
"111",155,"연애스타일 어떻냐","난 친구에서 연인으로 발전하는게 가장좋아. 친구>썸>연인 관계를 선호하는듯. 그래서 소개팅 제의로 몇번 나간적 있는데 연인은 뒤로하고 친구들만 잔뜩 만들어서옴ㅋ., ㅆㅅㅌㅊ;; 가슴이 웅장해진다..."
"112",156,"내 남친이 ESFP야","난 INFP인데 남친이 여기 유형이라 구경와봤어ㅋㅋ올해로 7년째 만나고 있다 오래사귀었지? 흫흐ESFP는 진짜 장점이 많은 것 같애1. 유머감각이 매우 뛰어남나 진짜 살면서 내 남친만큼 재밌는 사람 본 적이 없다?그 상황이랑 분위기에 딱 들어맞는 개그를 너무 잘 쳐사람 기분 전혀 안 나쁘게 하면서 웃음주는 능력이 탁월한 것 같아어떻게 저런 말을 생각해내지? 진짜 똑똑하다 싶을때가 많아분위기메이커라 어딜가나 사람들이 반기고 좋아해줘2. 사람에 대한 편견이 없음나같은 경우는 그렇게 남한테 호의적이진 않거든?의심도 많고 관계가 수틀리면 금세 미워하고 그러는데내 남친은 기본적으로 사람에 대해 나쁜 마음을 잘 안 가지는 것 같아누굴 만나든 웬만하면 다 포용해주고무슨 말을 하든 선입견 없이 잘 받아주더라구누구랑 싸워도 한번 화해하고 나면 금방 풀리고 뒤끝이 없는 느낌?타고난 정서가 되게 건강한 것 같아3. 배려심, 공감 능력이 탁월함그리고 이건 내가 정말 남친한테 고마워하는 부분인데내 얘길 진짜 잘 들어주고 공감을 진짜 잘해줘내가 막 헛소리를 해도ㅋㅋㅋ 판단하지 않고 있는 그대로 받아줘그런 면이 나에겐 너무 힘이 되고 의지가 돼마음이 따뜻한 남자는 매력적일 수 밖에 없는 것 같아쓰다보니깐 글 완전 길어졌네ㅜㅜ암튼 엣프피는 정말 매력적이고 멋진 사람이라칭찬을 안할 수가 없는 것 같애ㅋㅋ"
"113",158,"세달간격으로 두번 해봤는데",""
"114",161,"esfp 특징 뭐임?","infp = 엘프 요정 "
"115",162,"처음 사귄 친구가 본인 집에 가서 놀자하면 갈거야?","애들이랑 대화하다가 친구가 꺼낸 이야기인데 당일 처음 사귄동성 친구가 나한테 지금 있는곳 별로라면서 내 집 가서 놀자 하면 따라갈꺼야? 난 아무 의구심 없이 따라 갈 것 같은데 다른 친구들은 미쳤나면서 안간다더라.이걸 왜 물어보냐면 친구중에 엣프피 나온 애들은 다 나랑 같은 의견이라서..ㅎ 너희들도 같은 의견일까 싶어가지고 궁금해서ㅇㅇ."
"116",163,"Esfp장점 써 논 글이라는데","https://hongsi-sherbet.tistory.com/10여기 가서 글 한번 보고와! 엣프피 장점 특징 써논건데 난 t랑s가 49, 51<U+00A0><U+00A0>이렇게 나오고 p랑j도 60, 40<U+00A0><U+00A0>이렇게 나와서 특징 중 몇개는 나랑 안맞는데 글 읽으면 기분이 좋아진당.항상 선생님께서 장점에 대해 말하라하면 관대하고 친절하고 분위기 메이커 이런거 썼거든. 내가 춤을 잘 춘다던가 그림을 잘 그린다던가 특정 분야에 능숙한게 없어서. 그러면 항상 듣는 말이 너만 그런게 아니라 다른 사람도 똑같다 그게 어떻게 네 장점이냐 라서 자존감이 떨어지고는 다른 사람이 장점 물어봐도 딱히 없네요ㅎㅎ 장점이 잘못되면 단점으로 변하닌까 없는게 장점 아닐까요ㅎ 했는데 저런 글 읽으면 살짝 기분좋아. 나름 esfp에 소속되어 있다는 생각에 누군가 나를 칭찬해 주는 기분이야ㅋㅋ. 너희 모두 다 행복한 하루 되었으면 좋겠다. 단점 때문에 장점이 가려져서 쓸모없는것처럼 보일지라도 개개인을 대체하는 것 또한 없거든."
"117",164,"esfp 종특이 뭐임?","ㅈ "
"118",165,"당분간 MBTI갤에서 활동하지 마라 거기 갤매 븅신이다","ㅈㄱㄴ"
"119",166,"esfp눈나랑 4년째 만나고있는 남자 intj인데","         그동안 주관적으로 느낀 esfp<U+00A0>특 써봄1: 오랫동안 끊김없이<U+00A0>말할 수 있다.2: 매우 빠르게 잠들수 있음.3: 흥미로워 보이는 것에 곧바로<U+00A0>반응함. ex: 인형탈이나, 삐에로 알바하시는 분들, 특이해 보이는 상품,<U+00A0>동물 등.4: 주위를 잘 살피는것 같지 않다. (마트같은데서 눈에 잘 안띄는 조그만 애기들하고 부딛힐까바 조마조마하다.)5: 신상품을 사는 것을 좋아함, 그게 이미 있는 것이나 꼭 필요하지 않은 것일지라도.6: SNS 많이함.7: 목소리와 제스처가 크다.<U+00A0>8: 사람들이 자신에게 호의적일 것이라고 전제하고 행동하는 것처럼 보임.9: 최악의 경우보다는 최선의 경우를 먼저 고려함.10: 리드미컬하다.        "
"120",167,"10년전 estj가 esfp됨 이럴수있어?","최근에 3개월 간격으로 두번했는데 또esfp나옴 ㅜㅜ esfp아닌거같은데ㅜㅜ "
"121",168,"16 마이너 갤러리 리스트","         ENFJENFPENTJENTPESFJESFPESTJESTPINFJINFPINTJINTPISFJISFPISTJISTP"
"122",169,"그래도 생각보다 갤 잘 굴러가네","1페에 7월초 글 있을 것 같았는데 ㅋㅋㅋ"
"123",170,"ESFP는 대체로 어떨 때 상처 받아..?","내 친구가 엣프피인데, 내가 그동안 상처준 일은 없는지 싶어서"
"124",171,"인티제 놀러왔어","         안녕!!        "
"125",173,"IQ...평균...","나무위키에서 유입되서 마갤온 동지야.나무위키에 ESFP의 아이큐가 평균적으로 낮다고 나와있네..뭔가 통계적인 수치라곤 하지만 마상이야ㅠㅠㅠㅠㅠㅠㅠㅠㅠㅠㅠ"
"126",174,"친구를 사귄다기보다는 어느새 생겨나 있지 않냐ㅋㅋ?","진짜 필요할 때는 먼저 말걸고 대화하는데 그냥 그 화기애애하고 활발하고 재밌는 분위기가 너무 좋아서 거기서 놀다보니 친구가 저절로 생긴다.<U+00A0><U+00A0>그래서 친구를 사귀는게 힘들다라는 말에 크게 공감을 못하겠어. 내 흥에 돋아 놀다보면 자연스럽게 친구들이 생겨서."
"127",179,"언젠가부터 영화보는것도 시간이 아까움","아 시간이 아까운게 아니라 몬가 답답해 나 진짜 빨리빨리인간 그 자첸데  옛날엔 그래도 영상미 브금같은거 좋아해서 본거 또보고 또보고 그지랄했었는데  요샌 새 시나리오를 접하는거 자체는 재밌는데  질질끌고 배속도 안되는거 못보겠어서  유튜브에서 영화요약 해주는거 그거봄; 것도 1.5배해서 ㅅㅂㅋㅋ  어디서 엣프피 특징에 스포를 안싫어한다고 하던데 ㅇㅇ난 진짜 안싫어하는듯ㅋㅋㅋㅋ 빨리 결말을 알고싶어  다 알고나서 그게 맘에들면 풀로 한번 보든지 하는데 본거 또 보는버릇 거의 없어짐  "
"128",180,"너네는 어떨 때 사람이 밉냐?","진짜 싫다싶은 사람 어떤 사람이었음?"
"129",181,"엣프피는 바람둥이임","이 씨발련아"
"130",183,"엄마가 ESFP인데","잔소리 그런거 들어본적도 없고  늘 내 자유 중시해주고 참견안해서 좋은 우리엄마 주변사람들이 좋아하고 성격 진짜 좋음 근데 아빠는 잘못만난듯.. "
"131",186,"인티제 빙고해봄.","유형이 정반대이면 어떨지 궁금해서 해봤어. 하나에 파고드는건 재미빠지면 굴삭기로 빠르게 뚫어버리고 째끼춘하기 때문에 세모.창의적인것도 영감을 받아야지만 나타나서...애도 세모.고집 센것도 판단 잘 못하는 친구들 앞에서만 세지 고집 센 애 나오면 속으로만 욕하고 걔 고집 따라줘서.<U+00A0><U+00A0>뭐..."
"132",188,"ESFP중에 공부 잘하는사람있냐","아이큐 mbti중에 가장 낮다는거 팩트인가.. 난 왜 이따구지"
"133",189,"내 호의를 상대가 곡해할 때 가장 상처받는것 같다","솔직히 다른 유형에 비해서 미움받을 일이 가장 적은 성격인건 나도 인정그래서 그런지 간혹가다 내 호의를 곡해해서 냉담하게 대하면잠도 못자고 내가 진짜 못된놈인가 싶어서 자괴감이 가장 심하다목표를 못 이루었을때 보다 상대방 피드백이 -일때 더 상처받나봐..."
"134",190,"어릴때 공부 잘했는데","엣프피가 왜 빡통이지  솔직히 아이큐랑 공부랑 상관없는거같음  나는 아이큐 109였고  대학때도 과탑해서 성적장학금 받았는데 (1학년때긴 하지만)  급식때도 항상 잘했음  전교는 아니고 우리반에서 내가 대학 제일 잘감  그리고 그땐 esfj였을거같다  강박같은게 있었어서  뭐 까먹고 안하고 잠든날엔 새벽에 벌떡벌떡 깼거든  요샌 그런거 없음 꿈도 안꾸고 존나 잘 잠zzzz 8시간씩 숙면 개꿀딱  "
"135",192,"ESFP끼리만 모여서 놀면 존잼일거 같은데 그런모임 없나","진짜 엣프피끼리 모이면 내일 없는 사람처럼 겁나 재밌게 놀거 같지않음? ㅋㅋㅋㅋ근데 저런 모임 귀찮아서 만들지도 않고 유지도 안되겠지"
"136",195,"이거 좋은거임 뭐임?","알려주셈 찐특임?"
"137",202,"엣프피가 페르소나를 쓰는 경우가 있대.","난 항상 페르소나 쓴다 하면 내향성인 친구가 사회생활 때문에 인싸 가면 쓴다고만 생각했는데 엣프피중에 잇프피로 페르소나를 쓰는 경우도 있다더라.근데 또 생각해보면 잇프피나 엣프피나 내향성이냐 외향성이냐 하나 차이라 신기하진 않은듯. "
"138",204,"엣프피 중에 친목질 못하는 사람 없냐","나도 내가 왜 자유로운 영혼의 연예인인지 모르겠는데.. 고등학교 올라올 때 애들 다 모르는 애들이었는데 생각해보면 내가 먼저 친해지고 싶어서 다가간 경우는 없는거 같음 아 전 여자친구 꼬실 때 빼고?  낯을 가리는 건가 싶기도 하고 나랑 별로 안 친한데 친한 척하는 애들도 싫어함 내가 제일 싫어하는 애들 종류 중 하나.. 고등학교 합격하고 입학하기 전에 중3때 내신 학원 다니는데 어차피 학원 애들 다 나랑 같은 고등학교 합격한 애들이니까 고등학교에서 볼 애들인데 혼자 애들한테 먼저 말도 못 걸고 학원 벽 쪽에 앉아서 쭈구려 있었음 ㅋㅋㅋ 지금은 친한 애들 많은데 그래도 새로운 친구를 만드는 게 쉽지가 않네 내 친구가 도와줘서 내 친구의 친구랑 친해지는 건 어렵지 않은데 자력으로는 뭔가 힘들더라고ㅠㅠ "
"139",208,"내성적인 엣프피도 있음..?","자기 검사했을때 엣프피라고 하는데 sns나 게임 자체를 거의 안하고 취미도 책이나 전시회임.. 자기말로는 그래도 맘맞는 애들이랑 있으면 시끌한 관종이 된다던데 엣프피인게 페르소나인건가"
"140",210,"Esfp 남친이랑 사귀는 isfp입미다","둘다 귀여운거 좋아하는데 남친이 특히 엄청나게 좋아함토끼카페 자주가고 가면 2시간동안 토끼 쓰다듬다 옴특히 남친은 길개냥이보면 꼭 쓰다듬으려함근데 개냥이가 아니라서 도망가면 짜증냄그리고 툭하면 유튜브로 귀여운 동물영상 보고 나한테 같이보자함엣프피 졸커"
"141",211,"난 제일 키우고싶은 능력이","판 전체를 빠르게 읽고 내가 우세하게 이끌도록 하는거임.가끔 아다리가 안맞아 나 혼자 판 못읽고 뇌정지 와가지고 물음표 치면서 이상한 말 하다 범인으로 몰리면 내가 범인이 아닌 이유를 빠르게 설명해야하는데 당황하고 어떻게 돌아가는지도 몰라서 감정적으로 나가는듯.(갑자기 지목해서 물어보는것도 그렇고)진짜 아쉬운게 후폭풍 뒤에 내가 범인이 아닌 근거랑 상대가 범인인 이유 다 압도적인 어필 ㅆㄱㄴ인데 항상 뒤에서 후회한다ㅠ.예를 들어 선생님께서 반 애들이 소극적으로 대답한다. 갑자기 날 가리키면서 넌 어떻게 생각하니?<U+00A0><U+00A0>하면얼타서 네..? 에...저희반 그래도 라고 말해버리는데 5분 뒤에 ""저희반이 아직 어색한 부분이 있다. 아직 난 반친구중에 이름 모르는 애가 있다.(위에 발언 사례) 우리 또한 이게 문제라는 것 체크했고 한명이 크게 대답하고 주변에서 같이 대답해 주는 식으로 문제를 해결하도록 노력중이다(해결 방안). 아직 미숙한 부분도 있고 학기초인데 현재 선생님께서 기대치가 너무 높으신것같다.(상대방 발언 지적) 타반에 비해 문제도 적은 반인데 차후 나아질 가능성이 있다.(이때 양옆반이 학폭 및 쌤들 한테 혼나서 상대반 문제점을 끌고와서 우리반 단점 가리기 및 반의 긍정성까지)"" 이런 생각이 막 난다ㅠ. 글 길게썼누ㅠ 이러한 상황이 한두번이 아니라 너무 후회가 가..."
"142",212,"한마디로 빡대가리 아님?","         걍 빡대가리 유형        "
"143",213,"너네들도 낯가리고 그런거 있냐","         씹인싸 유형이라 없을 것 같긴한데<U+00A0>        "
"144",214,"esfp 특징 뭐냐","나 esfp임"
"145",215,"ESFP행성 탐사 보고서","※ ESFP행성 탐사결과  [사람들 없이는 살수가 없음.]  [유머감각과 공감능력이 뛰어나 많은 사람들에게 사랑 받음.]  [그룹에서 분위기메이커 역할을 담당함.]  [술자리에서 한 명이라도 꼭 있어야하는 사람들임.]  "
"146",216,"엣프피끼리 어몽어스하면 나름 대유잼일듯.","근데 다 뭉쳐다녀서 죽이기도 어렵고 화목하게 끝날듯"
"147",217,"오랜만에 눈팅하는데 1일에 1개는 글이 써지노","오늘은 내가. "
"148",219,"날 귀찮아하고 엄청 틱틱대는 사람들","나는 날 귀찮아하거나 나한테 틱틱대는 사람들 엄청 좋아해내가 애교부리면 꺼지라하고 자꾸 말걸면 귀찮아하는 사람들그런사람들이 확실히 가식도 없고 뒷담화도 잘 안해서 좋아뒷담화 해도 전혀 실망 안되고 같이 있으면 편한 것 같아항상 가식적으로 대하고 뒤에가서 내 욕 하는 애들 대하다가나 보자마자 욕하는 친구들 보면 막 마음이 놓이고 그래몇년동안 알고지내서 편한게 아니라 원래 그런 성격이라서 편하달까너희도 그래????"
"149",221,"ㄴㅏ도 앞으로 두산이나 빨아야겟다","존ㄴㅏ 심심하노 올스타전 투표도 햇ㄷㅏ "
"150",222,"근데 야구선수들 엠비타 esfp지 않을까","아님말고 궁금한데 서치해도 아무도 안나오네 "
"151",224,"저번에 infp 나왂는데 이번에 esfp 나옴 왜이래","뭐지 "
"152",225,"낯가린다 보고 생각난건데","난 극성향e인 애들앞에서는 낯을 많이가려ㅋㄲ. 심지어 e가 80퍼센트인데도 불구하고. Esfp자체가 파티광 인싸파티 라는데 난 반대로 밈에서 나오는 ESFP인 사람들 만나면 하하^^;; 하고 뒷걸음질 칠것같아.. 근데 또 내향성 I애들 만나면 활발하고 발발하고 드립치고 티키타카 하고 노는듯.물론 어 그래. 이말만 되풀이하고 무섭다고 빤스런하는 극I애들은 이쪽이 지루하고 재미없어서 안맞고.노래는 좋아하는데 친한친구들이 있어야 시너지가 발휘되에서 밈처럼 한손 탬버린 한손 마이크잡고 춤추면서 부르지 친한친구중에 지인관계인 애 있으면 그냥 ^^* 이런 표정으로 속으로만 부르고 리엑션 눈치껏 해주다가 나한테 신경이 덜 오는것같다 싶으면 눈감고 있거나 혼자 흥얼거리거나 웹툰봄. 제일 인생 허무하게 살았던 적은 담임이 초인싸라 친하지도 않은 애들 노래방에 싹 밀어놓고 뒷풀이한거. 이때 30명이 한 방에 있었던지라 존재자체가 사라져서 구석에 박혀 음악들으며 웹툰보고 있었음."
"153",226,"엣프피들아 너네는 네개중에 바꾸고 싶은거없지?다른유형인 내가 봤을때 부럽","1.E2.S3.F4.P"
"154",227,"엣프피랑 친해지는법 알려줘","주변에 엣프피 많아서 궁금함 엣프피는 어떤 사람을 좋아하고 신뢰함? 이성으로서 말고 걍 친구로 "
"155",228,"엣프피 왤케 말 세게하는지 모르겟다","아프다는데 왜?이러네"
"156",230,"ESFP가 나왔는데","난 내가 지금껏 살아오면서 내성적인게 강하다고 생각해왔고속으로 항상 내성적이야.. 하면서 살아왔었음..이번에 mbti 해보니까 엣프피가 나오더라고..사실 살아왔던 삶은 엣프피에 가까운게 맞긴한거같아중고등때 항상 중심무리에서 어울렸고대학가서도 떠밀려서 하게된거긴 하지만1학년때 과대하고 3학년때 학과 학생회장하고..사람들과 어울리면 즐거워 물론 이건 친한 사람 한정임실친 대학친구 직장에서도 주로 놀고 모으고 하는것도 내가 주도함생일때 기프티콘만 2-30개 받기도하고..자랑이 아니고 이상하게 강박인지 모르겠는데 '나는 내성적인데' 라는생각이 항상 존재함..그런데 mbti 하고나선 그 생각이 좀 줄어들지 모르겠네..사실 인싸의 삶이 내 살아가는 힘의 원동력이라는 가치관이긴함중고등때 심리 검사 같은거 하면 항상 내성적인데.. 라며 체크해놓곤종 땡치면 친구들이랑 우르르 몰려가서 매점가고 급식소 가던게문득 생각이 났는데 또 이갤에서 페르소나 페르소나 하는걸 보며내가 내 스스로한테 가면을 쓰나 싶어서 심오해지네.."
"157",231,"너네들 전공과목 뭐야??","난 유아교육인데 엄청 잘맞긴해 "
"158",232,"ESFP 이거 씹인싸들이잖아","         난 ESFP인데 왜 친구가없냐        "
"159",234,"나 평소 사람 전화번호 저장 안하는데 나같은 esfp 있어?ㅋㅋ","원래 안했던건 아니고 한 이년 전에 쓰던 폰 잃어버리고 번호 다 날린 이후에 사람들 번호 저장안하거든ㅋㅋㅋ 근데 나는 목소리 들으면 다 알아서 목소리로 사람 구분하구 평소 전화 자주하는 사람들은 항상 목록에 있어서 시간대 보고 전화하고 아니면 그냥 톡해서 전화점 하라하고 그런식ㅋㅋㅋ 회사사람들 몇명하구 가족만 저장되어있는데 주변에서 다 충격먹넹... 근데 난 진짜 귀찮아서일뿐이구 주변에서 자기 번호 저장 안된거 알면 서운해해서 그때서야 생각나서 하구 그러는 중ㄷㄷ "
"160",235,"Intj다","지구 반대편 유형이라 글 하나하나에 담겨진 사고회로가 이해가 안 가네"
"161",237,"사람 죽였을 때 어떻게 할거냐는 글 봤는데.","사람 찌르고 난 뒤 다음에 할 행동.범행수법 자세히 적어둔 사람도 있고 다양한데 난 찌르고 난 뒤 아무 생각없을듯. 살아있으면 응급처치하고 울면서 구급차 부르거나 죽었으면 걍 피묻은 상태로 편의점 가서 술 한 병 까고 인생 야발 울면서 자수 할 것같아ㅋㅋ.당초 난 거짓말 하면 입꼬리가 심하게 경련해서 알아차리기도 쉽고 스트레스 크게 받으면 졸려오는 성격이라 시체 옆에서 잘듯. "
"162",238,"아 친구mbti 유형도 특이함","Infp Isfp Enfp Esfp 이4가지가 주를 이룸. Mbti종이로 나오는 검사했을 때 타짜 빙의해서 다 까보라했는데 저4가지에서 나오더라.엣프피가 적고 infp가 많은듯. 친구의60퍼가 다 infp야.또 신기한게 엔프피랑 다툰적이 있는데 난IsfpㅡesfpInfpㅡenfp 이런 구도로 편 나뉠줄 알았거든. (나뉜다는게 따로 노는게 아니라 상황 보고 공감해주는 쪽)근데infpㅡesfpIsfpㅡenfp 이렇게 나뉘는게 나름 신기했어ㅋㅋ. Mbti에 몰입하는 편은 아닌데 대입하면 재밌잖아ㅋ.무엇보다 매우 객관적인 면에서 저 4유형이 말도 예쁘고 씹스러운 부분도 있는데 재밌고 착한것같아."
"163",243,"esfp 특징","         글 잘 안 올리고 눈팅이나 댓글만 씀유튜브는 댓글도 잘 안 달고 댓글 좋아요만 누름mbti에 안 꽂힌 사람은<U+00A0>절대 안 찾아봄 이미 관심 밖임        "
"164",245,"이시국에 엣프피들은 어디서 놀아?","집에만잇으면 좀쑤시겟다"
"165",246,"인프피였다가 잇프피로 바뀜","ㅎㅇ 이제 몽상하고 상상하고 지쳤어 난<U+00A0> 현실인간이 됐어"
"166",247,"주변에서 개그맨같단소리자주들음","그룹 내에서 웃기는 담당임<U+00A0>허당끼가 있음<U+00A0>"
"167",248,"심심해서 카톡분석기 해봄",""
"168",251,"esfp들 mbti에 안 꽂히면 아예 관심 밖이라 글리젠이 안 되네","         얘기 좀 하고 싶었는데 ㅋㅋㅋ ㅜ        "
"169",253,"나약간 극우라서 인스타 가끔거북해","주변이 좌좀밭이라서ㅠ 그 머냐 저번선거때도 인간들 집계현황 스토리에 쳐올리면서 굿굿거릴때마다 죽이거싶었음 ㅎ 근데 좌좀 하도많아서 다 손절은 못하고 우좀친구들이랑 가깝게 지내면서 서로 위로함^^ "
"170",254,"폰바꾸고왔더니 산뜻하당","폰 제일 싸게 하는건  무조건  공기계 + 알뜰폰 유심  이건데  난 서브폰으로 이렇게 쓰고  스크 가족결합에 브압이고 암튼 여러이유때매 안바꾸고 메인으로 쓰는데  이거그냥 공기계 사서 유심 바꺼꼈어  글구 중고폰이면 가격 존나게 떨어지거든  하루라도 개통하면 후려쳐짐  그런거중에<U+00A0>  개통일 존나 최근이고 3일정도 쓴거 찾아서 바꾸면 개이득  존나 호구처럼 살다가  카페 가입해서 3일 빡공하고 마스터했다  불법보조금 퍼주는곳도 걍 존나 남는장사임  아글고 중고공기계는 의외로 인터넷보다 오프에서 싸게먹히는게 있어 일단 인터넷서 보고 매장 전화 다돌려보고 젤싼데 가면됨  주의점은 딴 폰들 개통까지 해주고 가입시키는곳은 걸러  검증 안해보는 쓰레기폰임  중고랑 선불폰만 하는데 있음  "
"171",255,"와 이거 봄? 난 확신의 s다. 80퍼이긴했다만","https://youtu.be/BVA3GQpYtoM  내가 대답하자면  1. 주말에 뭐했나요?  토욜은 누구만나서 뭘하고 뭘함  일욜은 어디가서 뭘함  이런식으로 설명  2. 실의 용도  옷 꿰메기, 이 빼기, 손따기  3. 그림보고 떠오르는거  노을진 강 고수부지에 사람들이 앉아서 휴식중  아 질문 잘못봤음 그림설명이 아니라 떠오르는거면  주말, 어딘지 찾아봐야겠다 이런거  4. 소풍 가기 전날 하는 생각  내일 입을 옷,<U+00A0>챙길거, 날씨 확인, 재밌겠다  5. 멍 때린다는 건  아무 생각을 하지 않는 것  "
"172",257,"너희들도 영화 스포 좋아함?","난 스포 짱 좋아함ㅋㅋㅋ. 애들한테 스포 해달라하는데 애들이 다 이상하게 보더라ㅠ. 다른 유형 유튭보다 찾은건데 유독 엣프피 댓글에만 상관없다 하더라고.스포 테러 당해도 반응 좋은곳은 여기일듯."
"173",259,"같이 다니는 애들에 따라서 성격이 달라지는거 같은데","학교에서 자주 어울리는 무리가 세 개 정도인데(대충 한 학년마다 친해진 애들) 세 개 무리에서 내 역할?이 다 다름 ㅋㅋㅋ  하나는 딜러고 하나는 탱커고 하나는 좀 애매하긴 한데  고3 올라와서 내가 탱커를 하게 될줄이야... 역시 사람을 많이 사귀고 봐야되나 "
"174",260,"INFJ랑 ESFP랑 원래 잘 맞어?","우리 눈나가 인프제 내가 엣프피인데 20년동안 한번도 싸워본 적 없음 "
"175",261,"infp갤에서 애착 뭐시기 들고옴ㅎ","http://aiselftest.com/selflove/selftest.html"
"176",262,"너네 먹방 좋아해?","난 싫어해.... 아 물론 먹으면서 음식에 대해 리뷰하거나 썰 풀면서 이야기하는 영상은 좋아하는데(토크80 식20)이런 비율로.그냥 시작부터 끝까지 쩝쩝첩쩝쩝대면서 먹는거 보면 귀르가즘이라는데 쩝쩝거리는게 듣기 싫고 소름돋고 먹기만해서 재미도 없어가지고 썸넬만 보고 나온다... 좋아하는 애들은 왜보는거야?? 악의적인건 아닌데 이유가 궁금해."
"177",263,"Mbti 검사","한글로는 맨날 esfp나오는데방금 영어로 한번 해봤는데 isfp나오네..싱기영어 제대로 해석못했나봄~~~~ㅋㅋㅋ"
"178",264,"엣프피 = 일진","어떤거 같아"
"179",265,"엣프피들 도와줘","         좋아하는 남자애가 엣프피 나는 잇티제야어떻게 하는거 좋아하는지 알려주라그리구 선펨 원래 잘 안해??선펨은 절대 안하는데 막상 내가 먼저 페메걸면 리액션도 좋고 열심히 하더라        "
"180",266,"안정적인데 새로운 것도 해보고싶어","솔직히 몇백만 몇천만 깨지는건 하기싫거든?<U+00A0><U+00A0>근데 조금 지출있는건 괜찮지않냥??난 개인적으로 여유가 있으면 해보고싶은게 교통수단(비행기 배 제외)다 적고 검은 상자에 넣어서 랜덤으로 뽑아가지고 여행하는거.예를들어 지하철이 뽑히면 원하는 시간대 목적지 상관없음, 랜덤으로 지하철 타서 내리고싶은곳에 내리는거야.진짜 다 랜덤으로. 이런거 하면 재미있을듯. 물론 돌아오는 방법은 생각안해봄ㅋ 아니면 난 탐구하는것도 좋아해서 지형탐사나 천문대가서 별이나 행성보는것도 해보고싶어"
"181",268,"부모님 엠비티아이 뭐나오시냐?","난 부모님이랑 항상 싸워대서. 1차전은 엄마고 2차전은 아빠.싸우는건 부모님이 나한테 자신의 방식대로 따라오길 바라신다.그래서 밖에서는 화기애애한데 집안에선 esfp특징 다 숨김.문득 밥먹다 궁금해서 여쭈어봤는데 엄마가 intj고 아빠가entj야.근데 난 esfp고.ㅋㅋㅋㅋ 저 사이에서 어떻게 esfp가 나오는지 좀 신기했다. 너희들 부모님은 뭔지앎?"
"182",269,"새로운 mbti을 해봤는데","https://www.truity.com/esfp, esfj, enfp가 나왔어. 근데 enfp 성향 특징 보니까 아닌 게 더 많음.... 영어 잘못 해석했나바"
"183",270,"3개월? 만에 검사 다시 했는데",""
"184",271,"엣프피갤 차단목록","디씨에서 제일 병신부류인 유동고닉esfp2w1말하는거나 하루종일 갤질 하는 꼬라지 보면 인싸인척하는 개찐따새끼니 알아서 차단 ㄱ"
"185",272,"언제 유명닉됐노... 진짜 별 새끼를 다 보네","욕쳐먹은게 아직도 안잊혀져서  지한테서만 유명ㅋㅋㅋㅋㅋㅋㅋㅋㅋㅋ앜ㅋㅋㅋㅋㅋㅋㅋㅋㅋㅋㅋㅋㅋㅋㅋㅋㅋㅋㅋㅋㅋㅋㅋㅋㅋㅋㅋㅋㅋㅋㅋㅋㅋㅋㅋ "
"186",276,"다 ㅈ같다 진짜ㅋㅋㄱㄱ.","솔직히 현생 살다가 갓비티아이 고3중반때 꽂혀서 이틀 눈팅하고 다시 현생살아버리는 바람에 코로나 창궐한 지금 상황 나가지도 못하고, 살면서 덕질한것도 없어서 ㅈ목질 할 것도 없음. 그래도 못놀러가는 이 답답함에 간간히 멘탈 깨질것같은거 카페로 애들 불러다가 해소했는데 이젠 2.5단계? 라 카페에서도 테이크아웃 아니면 못있게 하고 좋아했던 보드카페 애견카페 마저 gg침ㅠ 당초 컴퓨터 게임을 즐겨하는것도 아니고... 이런 내가 불쌍했는지 서로 킬각 재면서 한타구도 잡던 최강자전 intj intp친구가 집으로 초청해서 놀러는 갔는데 야발 애들 스도쿠나 그 숫자 세워놓고 추리해서 맞추는게임이나 루미큐브? 그런 쌉노잼겜만해서 오히려 내가 gg치고 나옴. 체스 배워볼 생각 없냐는 말에 기겁하고 빤스런함."
"187",278,"???:무슨 생각해?","ㅇㅇ...ㄹㅇ루ㅋㅋ"
"188",279,"인프피였다가 엣프피 나와서 와봤어","이건 처음 엣프피 나왔을때"
"189",280,"isfp랑 esfp 나옴 계속","둘이 좀 다르지않나??  "
"190",282,"살면서 너희들은 같은 esfp봄??","난 살면서 esfp나온 애들 잘 못봄. 살면서 엣프피 뜨는애 1명 봄.축제 나가서 사귄 친구나 학교 친구들 다 enfp<U+00A0><U+00A0>esfj 이런 유형 이었지 esfp는 잘 못봄. 20대 여성들 엠비티아이 퍼센트 보면 5명에 2명꼴은 esfp나와야 하는데 말걸었다 하면 infp isfp enfp<U+00A0><U+00A0>이 3명임ㅋㄱㄱ.사실 우린 예상밖의 희귀종 아닐까...? 아님말고ㅋ."
"191",285,"엣프피들은 다 나가고 찐따 피싸개 하나 일기장됐네 ㅋㅋㅋ","레전드갤"
"192",286,"안녕하세요 믑티 설문조사 하러 왔습니다","         https://forms.gle/ErqhDDPBMX2CkKaF9가서 설문 조사 참여 해주세요        "
"193",287,"하여간 저런 엄마없는년들 열폭보고 힘내고 산다","혼자 발작하노 장애인마냥 "
"194",290,"아 섹스 하고 싶다 ㅎㅎ","몸무게 110kg 나가는 도태한녀라 섹스한번 못해봤어 ㅠㅠ 한남자지빨고 싶다 ㅠㅠ"
"195",291,"나 사실 110kg나가는 도태 한녀야 ㅠㅠ","한남자지 못잃어 ㅠㅠ"
"196",292,"갤 왜이러냐?","다른 갤도 분위기 이상하다 이러는데 우리갤도 분위기 이상한듯.망할 조짐이 보였다만 이렇게 붕괴되는건 첨보냌"
"197",293,"도태한남들 존나불쌍하노ㅋㅋㅋㅋㅋㅋㅋ","사칭해서 저지랄한다고 지인생이랑 내인생이랑 바뀔지아나ㅋㅋㅋㅋㅋㅋㅋㅋ "
"198",294,"나 진짜 한남자지 못 잃겠어 ㅠㅠ","한남자지 개처럼 목구멍끝까지 넣어서 쌀때까지 존나게 빨고싶어 ㅠㅠ한남자지한테 밤새도록 10번넘게 질싸당하면서 정액받아내고 임신하고 싶어 ㅠㅠ 근데 몸무게 110kg나가는 도태한녀라 아무도 나랑 안만나줘서 어제 아빠랑 섹스했어 ㅎㅎ "
"199",297,"하여간 한남충들 사칭해서 욕하는것도 존나 병신같음ㅋㅋㅋㅋ","아무도 한남이랑 섹스 안하고 싶어하는데  꾸역꾸역 섹스충으로 만드는거 존나 개그네  좆그지 똥값 대가리속만 걸레를 누가먹는다고  배고프다고 아무거나 주워먹나  망상수준 개웃겨ㅋㅋㅋㅋㅋㅋㅋㅋㅋ  섹스에 환장했으면 나가서 열심히 돈이나 벌어서 사먹어ㅋㅋㅋㅋㅋㅋㅋ 안봐도 200충 애미피눈물 나오게 만드는 인간벌레ㅋㅋㅋㅋㅋㅋㅋ  돈ㅆㅅㅌㅊ나 와꾸 ㅆㅅㅅㅌㅊ면 그래도 '먹버'수요가 있을수도 있곸ㅋㅋㅋㅋㅋ  "
"200",300,"딱봐도 아스팔트에 와꾸 갈아버린 도태 피싸개 하나가 날뛰네","못생긴 존못 한남들은 병신 인셀 맞는데 너는 그 한남도 '못'만난다 ㅋㅋㅋㅋ워마드나 가라 이기"
"201",302,"넷에서는 여자못만나서 쳐돌아버린 도태장애인한남이,","밖에선 어떻게든 여자 한번 만나보겠다고 재산 다빼주고 먹버당하는 애비없는 좆의숙주 한남이. 어우  열 등 생 물 ㄷㄷ  "
"202",303,"좋아하는 여자애","         ENFJ 남학생 입니다!좋아하는 여자애가 ESFP(뭐시기뭐시기 연예인)이더라구요MBTI를 어떻게 알게됐냐면 어쩌다 전화를 1시간 넘게 했는데MBTI 검사를 하자고 해서 하게 됐습니다.아직 고딩이고, 둘다 공부를 좀 하는 편이라 이것저것 활동도하고 공부를 많이해서 저한테도 부담이 되고, 그 친구한테도 민폐일 것 같아<U+00A0>진짜 찌질하지만 4년째 짝사랑 중입니다.... 지금은 저 혼자 챙기기도 많이 어렵더라구요만약에 그친구랑 연애를 각잡고 하려면 입시가 끝나야 하게 되겠죠 ㅋㅋ사족이 길었네요 ㅋ.ㅋENFJ 남 - ESFP 여자 궁합이 어떨까요?        "
"203",309,"엣프피 2w1님 힘내세여","흑흑,,,,"
"204",312,"틀딱한남=장애인",""
"205",313,"여기 완장 어디 갔냐?",""
"206",314,"요즘한녀 할말없으면 한남팸",""
"207",315,"뭐야!! esfp 검색했는데 갤들어왔어 !! ","갤도있네 안뇽 "
"208",316,"너네 애니어그램 뭐 나와","ㅈㄱㄴ"
"209",317,"이십사시간이 모자라",""
"210",318,"절친들 이별이 유행이노^^","아직도 지병신연애얘기하는 정신병자년들 슬슬 손절감  지팔지꼬한거 어쩌라는거임ㅋㅋㅋㅋ 누가 좆병신 만나래? "
"211",319,"한남은 ㄹㅇ말귀를 못알아듣는 스토커인듯",""
"212",320,"히틀러는 걍 한남 학살하지","유대인의 명복을 빕니다ㅠㅠ "
"213",323,"남자친구가 ESFP라 속터지는일","누가봐도 지잘못인데 무조건적인 지지를 원함 내로남불심함 "
"214",324,"쟤 뭐야??","뭐지??; "
"215",325,"한남품평 개꿀잼",""
"216",326,"열등생물 그 자체","대 가 리 털 이 없 음 ㅋㅋㅋㅋㅋㅋㅋㅋㅋㅋㅋㅋㅋㅋㅋㅋㅋㅋㅋㅋㅋㅋㅋㅋㅋㅋㅋㅋㅋㅋㅋㅋㅋㅋㅋㅋㅋㅋㅋㅋㅋㅋㅋㅋㅋㅋㅋㅋㅋㅋㅋㅋㅋㅋㅋㅋㅋㅋ아 한가지 방법있네ㅋㅋㅋㅋㅋㅋㅋ거세하면 치료가능ㅋㅋㅋㅋㅋㅋㅋㅋㅋㅋㅋㅋㅋㅋㅋ  "
"217",328,"그저 한남충","엄마 : 생각만해도 가슴이 아려오고 눈물이 흐르는 존재. 매우 사랑함  아빠 : 욕이 저절로나옴. 씹을거 존나많음. 없어도 사는덴 지장없을듯 "
"218",332,"하나 남은 병신도 손절각떳다","365일 개빻은지남친 얘기하는 병신들 모조리 차단넣고  하나는 불쌍해서 나뒀는데  남들은 이미 다 쳐낸 장ㅇㅐ인이었음ㅌㅋㅌㅋㅋㅋㅅㅂ 뒤질라면 혼자뒤져 제발 ㅋㅋㅋ 내가 만나라고 등떠민걸도 아닌데 줜나 징징대 우웩  "
"219",337,"esfp 학업에 큰 관심이 없는 편?","내동생 구제좀 해줘라놀랍게도 여태껏 스스로 독서를 한적이 없다어릴때 부터 친화력 좋고 정이 많았는데나이 먹고 대가리 커진 지금은 그 정은 온데간데 사라지고 겉멋만 심하게 든 상태.어릴때 워낙 독서를 하지 않아 표현력과 이해력이 부족한것도 한몫함내년이면 고딩인데딱히 관심있어 하는것도 없고 친구랑 놀 생각만 하고아직도 진학 계획을 세우지 않아 너무 걱정된다"
"220",338,"이로써 esfp는 정신병이라는게 확증됐다","본인 인팁 ㅇㅇ "
"221",340,"Esfp 중에서도 유독 저년이 지랄맞은거임","하는 말투보니 메갈했던 애 같은데 그러면 더더욱 저년만 지랄맞지. 다른 Esfp는 좋아"
"222",341,"지까짓게 엣프피 좋아하든말든 누가신경쓴다고 아웃겨ㅋㅋ","니어미나 사랑하세욬ㅋㅋㅋㅋㅋㅋㅋㅋㅋㅋㅋ "
"223",342,"저런씨발 자의식과잉 좆병신들은 뇌가없나 ","니가 그지랄한다고 아 엣프피 좋아해주세요 엉엉 이지랄할거같니? 그딴 장애인 소속감 과몰입은 느그갤 가서 해ㅋㅋㅋㅋㅋㅋㅋㅋㅋㅋㅋㅋㅋㅋㅋㅋㅋㄱㅋ병신이 친구 없어보이는데 지가 갤따위에서 엣프피 좋다고 평가하면 뭐가 달라짐? 내가 메갈이든 페미든 나 좋다는 인간 이미 많아 나대지마좀ㅋㅋㅋㅋㅋㅋㅋㅋㅋ  "
"224",343,"요즘꽂힌고",""
"225",344,"ㅁㅔ갈력 ㄷㅓ키우ㄹㅐ","ㅇㅏㅈㅏㅇㅏㅈㅏ "
"226",346,"여기 완장 어디갔노?","믿을 수 없을 만큼 돌아버린 찐따 한명 때문에 갤 망하게 생겼는데 안 내쫒노?"
"227",347,"싫음 꺼지면되는데 꾸역꾸역 어떻게든 글 못쓰게하고싶어서 부랄발작","이 재미에 어그로끄노ㅋ "
"228",348,"난 이성극혐하니까 이러지만 연애하고싶음 나가라고 병신아ㅋ","방구석에서 페미랑 키배뜨면 니가 그얼굴로 연애할수있어?ㅋㅋㅋㅋㅋ "
"229",349,"안티페미할거면 가서 와꾸 갈고와","그래야 니가 원하는 연애하지  페미극혐한다고해서 니가 연애 못하는 사실이 달라지노...?ㅋ "
"230",350,"이렇게까지 발작하는경우는 모쏠밖에 없지","이미 만나봤거나 만나고있으면 왜발작해?  단 한 번 도 이성 만나본적 없는데 페미하는 분위기 짙어지면 좆한번 못써보고 디질까봐 걱정돼서 그러니?ㅠㅋ 자살이 해결해줄거야 재기ㄱㄱ  "
"231",351,"야병신아 상황파악잘하는새끼들은 살아남으려고 남페미 다 해","ㅋㅋㅋㅋㅋㅋㅋㅋㅋㅋㅋㅋ여자가 이지랄해도 그저 발가락빨면서 전부 맞춰줌ㅋㅋㅋㅋㅋㅋㅋㅋㅋ  그 와중에 '자적자'질 오지는게 꿀잼포인트  "
"232",352,"ㅎㅇ 신입임","요즘힘들어서 그런가ㅋㅋㅋ estp<U+00A0> -> istp -> esfp 됨ㅋㅋ "
"233",353,"자지들 꽃뱀에 질투 좆나하노ㄷㄷㄷㄷ","그럼 남창해 ㄷㄷㄷㄷ "
"234",354,"Esfp2w1 좆병신년 여기 와있었네","이 새끼 정리하자면얼굴 빻았고페미에 메갈에자기 여동생이 돈 버는데 지는 돈 못벌어옴돈 많은 남자 자지 빠는거 좋아함. 얘가 말했음 돈 많은 남자 있으면 걔가 가진 돈 자기가 먹을거라면서그 누구보다 한남을 싫어하지만 막상 돈 많은 새끼 보면 자지 빨고 복종할 씹년 ㅋㅋㅋ안보이길래 자살해서 뒤진줄 알았더니 이런 갤에서 지랄떨고 있네 엠생년."
"235",356,"니 동생 있는데 걔는 돈 잘 벌어 온다매 병신년아","여동생은 아니지만 동생은 있겠죠?49.142가 했던 댓글보고 찔려서 댓삭해놓고 인생 안쪽팔리노?"
"236",358,"하는말 하나하나가 거짓이네 병신년","페미라 한남 죽어라 싫어하지만 돈 많은 한남이라면 자지라도 빨아서 돈 쪽쪽 빨아먹고,없던 동생 만들어서 걔가 돈번다고 적은거였노 ㅋㅋ 뭐가 되었든간에 니가 돈 못벌어오는 병신년인건 확실하다. 이건 시간이 지나도 안바뀜~! 자로 가야지 이딴 년이랑 어울리는게 수준 떨어지네 ㅋㅋ"
"237",359,"여동생있다고 말한적없는데 지혼자 방구석에서 궁예해놓고ㅋㅋ","ㅋ 난 자매가 있다고만 했음 ㅋㅋㅋㅋㄱ ㅋㅋㅋㅋㅋㅋㅋㅋㅋㅋㄱㅋ ㅋㅋㅋㅋㅋㅋㅋㅋㅋ ㅋㅋㅋㅋㅋㅋㅋ "
"238",360,"앞으로도 구석에서 내 글 다 하나하나읽고 메모해~","ㅉㅉ "
"239",361,"그래도 니가 돈 못버는 엠생년인건 안바뀐다ㅋㅋ","돈 많은 한남 자지 빨아재끼는것도 안바뀌고~"
"240",362,"니가 방구석에서 내 글만 쳐보는 벌레새끼인게 안변하는거지ㅋㅋㅋㅋㅋ","일베 고졸 아ㅋㅋㅋㅋㅋㄹㅋㄹㅋ  "
"241",363,"엄마도 없나...? 말섞을 여자가 얼마나 없으면 이까지 따라와","그저 쒸익쒸익 3시방향 한남콘 "
"242",365,"esfp 2w1 정리","페미.얼굴 빻았음. 자기 자매는 돈 벌어 오지만 이년은 못벌어옴.한남 싫어하지만 돈 많은 한남이라면 보지 대줄수 있음. 옆에서 최대한 붙어서 돈 빨아먹을 생각.자기 전에 정리 해서 올린다."
"243",366,"ㅋㅋㅋㅋㅋㅋㅋ아 존나웃겨 방구석서 유동분석하는 한남콘","12시 방향일듯  "
"244",367,"혼자서 풀발 해라 메갈년아 난 자로 간다.","반박할 수는 없으니 내가 여동생이라 말한거 집요하게 물고 늘어지고 백수랑 일베 고졸로 몰아가는 꼬라지 ㅋㅋ사실 너 10억 어쩌고 글, 거기에 댓글로 꼽준거 나임 ㅋㅋㅋ 그 후로 자로 갔는데 너 혼자서 풀발하다 엠갤 매니저한테 삭제먹히더라ㅋㅋㅋㅋㅋ"
"245",368,"너같은 저능아보라고 일부러 최씨로 해놓고 캡했더니","저번에 이름턴척 존나웃겼다 앞으로도 방바닥에서 열심히 염병떨어ㅋㅋㅋㅋㅋㅋㅋㅋ "
"246",369,"말섞고 싶어서 개지랄떠는거맞네 니가 쳐자든 뒤지든 왜알려줌?","어휴 병신 "
"247",370,"자로가 아니라 자러야 40살 개저씨 200충님ㅋㅋㅋㅋ","ㅋㅋㅋㅋㅋㅋㅋㅋㅋㅋㅋㅋㅋㅋㅋㅋㅋㅋㅋㅋㅋㅋㅋ "
"248",371,"오늘 방구석 한남콘의 꿈이 남창인지는 알았다","제발 해ㅋㅋㅋㅋㅋㅋ 누가 사줄지는 모르겠지만ㅋㅋㅋㅋㅋㅋㅋㅋㅋㅋㅋㅋㅋㅋㅋㅋㅋㅋㅋ  "
"249",373,"여기는 페미보지들이 점령함?","존나웃기네 ㅋㅋ"
"250",375,"쟤 엣프피 아닌거 아냐?","분탕치고있는 애. 여기서는 한남 한남 이러더니 intj갤에서는 계획이 어쩌니 정상글 올리는데?? 난 이런 사람이 주변에 일코하고 있는게 소름돋음ㅋㅋ"
"251",376,"ㅋㅋㄱㅋㅋ야 intj라면서?","Intp에서intj로 바뀌셨다면서용?ㅋㅋ esfp는 추가옵션이야ㅋㅋ???나르시즘 인티제야 왜 esfp갤에서 분탕치는거야ㅎ?+여친이 istj인 entp이란 글도 싸질러놓은거 보니 남자코스프레 하는거야?? 아님 남자인데 여자 코스프레하는거야? 야 너 은근 재미지다ㅋㅋㄱㄱ+intj갤에서 불건강 enfp어쩌구 저쩌구 극혐임! 하더니 enfp갤에서는 코로나때문에 심심한 enfp이러고있냌ㅋㅋ isfp갤에서는 질투 심하다 이런글 쓰고있고. 세상....나라면 디씨 다시는 안옴ㅋㅋㄱㄱ"
"252",377," 도태한남들이 내 글 관음하면서 쒸익대는곳","ㅋㅋㅋㅋㅋㅋㅋㅋ "
"253",378,"페미인거에 발작하는 한남=도태, 한녀=한남페이중인 병신","ㅇㅇ "
"254",380,"그저 내 글 언제올라오나 하루종일 기다리는.....","아 개웃겨 "
"255",381,"혼자 댓글쓰고 개발광을 하노ㅋㅋㅋㅋㅋ아웃겨","ㅋㅋㅋㅋㅇㅓ디 여성시대에서 굴러들어온 씹노잼년이라 파악하고 관심안주니까 발작하네ㅠㅠ  언냐 가서 '한남콘과 더치페이 통장만들었어요' 글이나 쓰러가시긔 "
"256",382,"친구야ㅋ 마음이 아프니?","하긴야...우리 친구ㅠㅠ 현생으로 나와 살아ㅠ 오지게 인싸인척 코스프레하다가 다른esfp가 본인은 아닌데 이러면 너 엣프피 맞음ㅋㅋ?<U+00A0><U+00A0>이ㅈㄹㅋㅋㅋㅋㅋ 그렇게 살면 현타안와??너같이 방구석 디씨질만 해대는 esfp도 첨봤어ㅎ^^.난 나무위키로 타고와서 디씨 첨 접하는거라~ 미안한데 네 걸ㄹ ㅔ같은 입으로 날 언급하지 말아줬음해~ 그리고 그런 글은 메갈가서 싸질러ㅎ. 아 개념글에 너 응원하는 글 많더라ㅋ.너가 내 친구였으면 그거 다 뽑아서 집 현관문 앞에 붙여놨을텐데ㅠㅠㅠㅠ 아깝게 생각해.인싸인데 디씨질만 하는 그 모습이 마치 찐따련이 일진 후빨하는것과 닮았다ㅎ. 추천수부터 esfp나온 애들이 누구의 의견에 손을 들어주고 있는지 아직도 모르겠니? 모르면 다시 개념글ㄱ"
"257",386,"개씹찐들은 카톡을 주작하는지 미쳐 생각을 못했다.....","공기계를 사서 부계정으로 대화를 하는사람이 있구나... 메모완료 "
"258",387,"친구도 남친도 없는 그냥 장애인이었던거야?시발ㅋㅋㅋ","니도 올리라니까 그냥 댓글로 계속 짖고있믐ㅋㅋㅋㅋㅋㅋㅋㅋㅋㅋㅋㅋㅋㅋ "
"259",388,"61.77의 인생이란 뭘까...아직 주작준비가 안될걸까...","ㅠㅠ "
"260",389,"61.77=통피구분못하는 장애인, 남친은 없지만 페미에는 발작함","안봐도 고졸일듯 "
"261",390,"잦친도 봊친도 없는데 페미에 발작... 똥꼬로 섹스하는 사람인가","뭐임 "
"262",391,"61.77: intj갤가서 222.38보고 나인지알고 발작한 장애인","지능 수준.... "
"263",392,"intj갤을 비롯한 많은 갤에 심심한 위로의 말씀을 전합니다","sk통피를 보면 한 사람인지 아는 저능아가 61.77이라는 자칭 엣프피네요 .... "
"264",393,"61.77 : 페미는 싫지만 친구도 없고 남친도 없어ㅠㅠㅠㅠ","맘카페로 "
"265",394,"61.77: 톡올린건 뭔가 잘못된걸꺼야. .. 공기계나 부계정이겠지","라고 생각한 개 씹 찐 "
"266",395,"61.77: 난 페미안해! 한남콘 올방향 모두 환영!","7시♡61.77 "
"267",396,"61.77: 페미는 이해가 안가지만 난 남친이 없으니까...","설마 얘네 만나겠어?... "
"268",397,"61.77: 남자 만나본적 없어서 글은 못쓰지만 한남사랑함","미래남친 8시  "
"269",398,"61.77: 야 6.9들아 61.77이 니 얼굴 이래도 사랑해줄수있대","선착순으로 아무나 줌  "
"270",399,"미안한데 난 이딴한남콘 안사ㅎㅎ 안티페미하는 너나 사","비위좋네 미친년 "
"271",400,"애비와꾸 이래서 견딜수 있는건가?","가족이라도 이딴식으로 생기면 살인함 "
"272",401,"61.77 스펙알려줄게 8시방향 와서 데려가!! 선착순!!","통피 구분못함, "
"273",404,"역겹다 씨발련아","니 극성팬이 아니라 그냥 니가 없어졌으면 좋겠어서 매번 까는거다 ㅋㅋ 제발 니 주제 파악좀 해라 씨발 역겨워 죽겠노ㅋㅋㅋㅋㅋㅋ 여기 념글도 다 니 좆같다고 까는 글이야ㅋㅋㅋㅋ"
"274",406,"씨발 esfp2w1 병신년 누가 니 좋아한다고 빨겠냐?","현실에선 한남재기 자살해 이렇게 말할 수가 없지 ㅋㅋㅋㅋㅋㅋㅋㅋㅋㅋㅋㅋㅋ 암 그렇지 돈 많은 새끼 자지 열심히 빨아서 돈벌어야지?? 그러니 말투 순하게 바꾸지ㅋㅋㅋㅋㅋㅋㅋ껏해야 니랑 비슷한 페미 병신년이랑 같이 한남재기 이렇게 말하지 만약 현실에서도 그렇게 말한다면 그냥 니가 뒤져버린 새끼인거고"
"275",407,"한남 재기해 쓰는데?","한남 재기해 "
"276",408,"한남콘 재기하고 재기하고 재기하자","착한한남은 죽은한남뿐 "
"277",409,"한남이 아무리 행복회로 돌려봐도 현실은 한남콘 재기",""
"278",410,"한남콘 출입금지","다이소도 입뺀당하는 장애인들은 나가 "
"279",411,"안티페미하다 한남을 닮아버린 무수리 어떡하면좋지","한남 다됐노ㅠㅠ "
"280",416,"세상에서 자적자가 제일웃김","실좆싸움 디집어져 부랄터진련들ㅋㅋㅋㅋ  "
"281",417,"esfp2w1아 이쁜사랑해ㅐㅐ","너만 바라보는 애가 생긴거같네"
"282",418,"엣프피갤 1호 커플 탄생","ㅊㅋ"
"283",419,"ㅋㅋ엣프피야 너 나한테 배워오라 했지?","95.99.90.161개샊ㅋㅋㅋㄱㅋ야 쫄? ㅋ"
"284",420,"한남콘은 안사요","한남콘ㅋㅋㅋㅋㅋㅋㅋ "
"285",421,"자적자는 뭐다?","과학이다 "
"286",422,"서로 6.9라고 뒷담하면 현타안오나","한남충은 못말려ㅋ "
"287",423,"이게 갤이냐","Esfp 유형 얘기는 없고 싸움판이네 "
"288",424,"친구구해요♥♥♥♥♥♥♥♥♥♥♥♥♥"," - dc official App"
"289",427,"약국가는것도 눈치보이노","아니그냥 일교차 오져서 감기걸린건데 코로나 아니라고요 "
"290",428,"한남충 싹 다 재기하자","ㅈㅔ발 눈갱시발 "
"291",437,"아 미친년아 댓글달지마","애비가 디졌나 앱지운다 모바일로 해야지 "
"292",445,"와 시발 ","갤 존나 망했네?"
"293",449,"한남 심리 잼있엉","연애혁명 양민재(양민지ts)스토리 넘 잼있다  ㄹㅇ 끝까지 보고싶어ㅋㅋ  한남특유의 ""왜않만나죠!"" 심리 흥미진진해  신세계를 본 기분이야  자신을 자꾸 무시하는 좋아하는여자애한테 후에 어떻게 할지...  확실히 리벤지포르노, 데이트폭력 보면 한남 수준이 딱 나오지  진짜 그 찌질한 심리를 더 알아보고싶어  한남들은 열등감 쩔어서 ㅈㄴ 집착하고...애인을 소유물로 알고 대가리도 비었음ㅋ "
"294",450,"한남은 말을 ㅈㄴ천박하게함","ㄹㅇ 피싸개가 뭐냐  말을 어쩜이렇게 천박하게 할까  또 맨날 ㅅㅅ 소리는 입에 달고 다니지ㅋ  "
"295",451,"한남이 꼭 얼평, 몸평 잘함","자기수준은 모르는건가...? 꼭 대가리 빈 한남새끼들이 얼평, 몸평하면서 여자애들 상처줌<U+00A0> ㄹㅇ 죽여버리고 싶어  여자애들이 얼평, 몸평하며 쪽주는건 잘 못봄  대부분 남자애들이 여자애들 외모 순위메기고 쪽주고 그래놓고 수치스러워하지도 않음ㅋ  꼭 양심없는 새끼들이 수치심도 없음  역시 한남수준 딱 나오죠  "
"296",452,"성매매는 한남들의 취미생활이지","성인남자 2명중 1명 성매매하는거 실화냐  ㅈㄴ 더럽게 사네  역시 한남은 천박해  성매매 사이트 들어가보면 여자를 물건 품평하듯 등급메겨서 평가해놓은걸 알 수있음 인권은 개나 줘버렸지 거기다 애인모드인가? 애인처럼 대해주는 성매매도 있더라ㅋ 꼴에 ㅈㄴ 외로워서 성매매하면서까지 사랑받고싶나봄 불쌍하누ㅜㅜ "
"297",453,"대한민국 한남 범죄","몰카  불법야동사이트  성매매  성폭력  리벤지포르노  엔번방, 성착취 데이트폭력  한남의 끝은 어딜까...?  "
"298",454,"한남이랑 토론한 썰","82년생 김지영 영화갖고 얘기했는데 한남새끼 지 논리 딸리니까 페미는 정신병이다 이말만 반복하다가 튀었음ㅋ 한남특이 핵존심있어서 인정은 못하겠고 논리는 딸리니까 귀막고 정신승리함 역시 한남 수준 "
"299",455,"난 페미싫어하는 여자들심리가","이해가 안가... 같은 여자로서 수치스러워하는건가?  유튜브에 베리나 저격하는 영상올린 여자유튜버.. 머때문에 그렇게까지 하는거지? 그렇게 저격할만큼 싫어한다는게 이해가 안감 ㄹㅇ  한남들이 한남소리들으니까 빡치는건 이해가는데 여자들 심리는 모르겠누  "
"300",456,"한남의 폐해","난 여적여라는 단어가 ㄹㅇ 사람들에게 이렇게까지 박힐줄은 몰랐다  사람대 사람이지 특유의 천박하고 수준떨어지는 대가리로 이런말을 만들어내다니  역시 한남 수준 뭐눈에 뭐만 보이지ㅋ "
"301",457,"한남 특","정신상태는 ㅈㄴ 연약한데 쎈척은 오지게함 ㄹㅇ 힘부심에 가오까지ㅋ 스스로 수치스럽지않나? "
"302",458,"한남들아","반성해라 솔직히 너네들 대체적으로 여자들보다 수준떨어지는건 맞잖아ㅋ "
"303",459,"한남들 ㅈㄴ 수준떨어져","페미 욕할때 쿵쾅쿵쾅, 메퇘지 같은 말들은 왜만든거지? 결국 뚱뚱한사람들 욕하는거잖어 애꿏은 뚱뚱한사람은 왜 욕함? 페미안하는 뚱뚱한 사람한텐 기분 더러울 짓이라는건 생각못하나? 그리고 페미랑 뚱뚱한거랑 도대체 무슨 연결성이 있냐 걍 니들이 뚱뚱한 사람 싫어하니까 그렇게 아가리 씨부리는거잖어 ㅈㄴ 사회악이다 무례하다는걸 모르나? 대가리 비었으면 아가리 털지말고 걍 짜지셈 니들 잘하는거잖어ㅋ  "
"304",460,"여혐이 왜 생겨났는지 앎?","한남들의 ㅈ같은 열등감때문에 생겨난거임 여자들이 사회진출하고 좀 잘나가니까 지들 위기감을 느낀거지 ㅂㅅ들 "
"305",462,"한남=걸레","ㅇㅈ?  왜 여자만 쉽게 잔다고 ㅈ같은 소문나지?? 한남은 개걸레인데 "
"306",464,"난 메갈이 생긴 동기가 좋다고봐","일단 메갈들이 본인입으로 말하는 동기도 의미가 좋다고 생각함 거기다 추가로 내 생각은 메갈 안생겼으면 대한민국 여자 수준이 여혐으로 어디까지 하락했을지 모름;;  여적여라는 말도 일반 여자애들한테 파고들어서 박혀버렸는데  그나마 메갈이 생겨서 한남들이 일반여자들 수준 떨어뜨리는거에서 메갈혐오로 관심 돌린겨  한남 병신 ㅉ 지들 수준이ㅈ같으면 ㅈ같은대로 있을것이지 애꿏은 여자들 인신공격해서 수준 떨어뜨리는 꼴 ㅈ더러  "
"307",466,"(2016 야갤) 외향충이 헬조선에 기여한 꼰대 문화","https://m.dcinside.com/board/baseball_new4/12804533  "
"308",472,"한남콘의 군지를 축하합니다","재기만 하면 완벽 꺼억 "
"309",480,"sye",""
"310",508,"앳프피누님 탈갤하셨나요?","대접해드릴라 햇는데"
"311",509,"제주도인데?ㅋ","적당히 나대 "
"312",510,"<U+2B07>+<U+2B07>+<U+2B07>+<U+2B07>+이 누나랑 제주도 여행 중입니다<U+2B07>+<U+2B07>+<U+2B07>+<U+2B07>+","눈나"
"313",511,"친그그해요♥♥♥♥♥♥♥♥♥♥♥♥"," - dc official App"
"314",512,"개망갤이네","얼마나 망했으면 완장도 포기하고 저런 개버러지련이 글 다 싸지르고 있냐 이 정도면 쟤도 컨셉인 듯"
"315",513,"211.204친구도 엣픞이야?",""
"316",514,"개잦같은년들 존많",""
"317",516,"연애능력테스트!",""
"318",519,"와 여기 엣프피카페는 완전 자유롭고 좋다","엔픞갤에서 놀러왔당~~ "
"319",520,"엣프피는 주식 좀 하나?","??"
"320",521,"머야 211.204 왜 댓글 안 달아줌",""
"321",523,"투자하다 돈날린애들보면 웃음이남",""
"322",526,"esfp=페미","맞아?"
"323",528,"너네 진짜 진지하게","ESFP말고 워마드 갤러리로 바꿔라"
"324",529,"누나 워마드해?","실망이네"
"325",530,"페미만 보면 발작하는년 특","틀딱줌냐 or 자지없이 못사는 애정결핍 or 기초수급자 "
"326",531,"여기 일베도 데리고 와봐 ","뒤지게 싸우는 거 개꿀잼일듯"
"327",533,"븅신쉑ㅋㅋㅋ","지 조지게 똑똑한척 하는거 봐ㅋㄱㅋㄱ. 너같은 련도 없을거다. 그렇게 인싸에 친구많고 공부 잘해서 전교권에 노는 애가 시궁창 디씨질만 하니??ㅋㅋㄱㄲ 너같은 엣프피도 없을거다. 생각좀 하고 살아.혼자 풀발해서 급발진하지 말고. 내가 부모고 너같은 련이 이런 글 싸지르는거 보면 묶어서 정신병원에 감금시켜달라고 무릎 꿇을듯.공부잘했는데 간곳은 고작 예체능 ㅋㅋㄹㅃㅃ. 모순아님?ㅋㅋ 애초에 상위권 티어들은 너처럼 하루종일 저급한 말 쓰면서 디씨질 안함; "
"328",534,"61.77 : 주식 안하지만 친구가 꼬시면 할 의향 있다","인생 수준 "
"329",535,"응 디씨 사장 어서오고~","거기 직원은 있긴함?<U+00A0><U+00A0>아 느금마?<U+00A0><U+00A0>1명 사장 너 1명ㅋㅋ?<U+00A0><U+00A0>응 개꿀잼~ 사장이 하루종일 디시질 윾<U+00A0><U+00A0>토할것같아. 언냐 자살 언제함? 기생충에 나오는 애들이 너보다 성공한듯"
"330",536,"저년 풀발한 이유 : 친구가 꼬시면 주식한다고 내뱉아서","욕쳐먹고 급발진 "
"331",537,"느금마가 뭘 가르쳤으면 그것밖에 못할까...안타깝다.","사람에게 저급한 말 쓰면서 욕박는 너같은것 가르친 부모가 레전드.아 있긴하냐?ㅋㅋㄱ 사장이라는 련이 으응~ 하루종일 엣프피겔에 똥사지르쥬? 니가 리더? 풒 븅신"
"332",538,"나 친구한테 배워서 할거야 웅앵웅","누가 가르쳐준대? ㅏㅇ웃겨 "
"333",539,"친구야 드라마는 어디서 많이봤는지ㅎ","가만히 앉아있으면 돈들어오는 사장 생각하니?ㅋㅋ 최소 걔네들은 너처럼 하루종일 디시질 할 여유 없을껄?<U+00A0><U+00A0>회사명이 뭐냐ㅋㅋㄱ 함 들어보자ㅋㅋ거의 그 회사 입사하면 화속성 효자 되는 회사아님?"
"334",541,"눈나 내 셀카오땡??",""
"335",542,"미안ㅋㅋ내가 착각했네.","잡것아 그리 살지마ㅋ.<U+00A0><U+00A0>사장ㄱㅋㄱㅇㅈㄹㅋㅋㄱㄹㅇ 이거 박제 해줘야하는거 아님?<U+00A0><U+00A0>예체능 사장ㄱㅋㄱㅋㅈㄴ웃기네"
"336",543,"능지능지 거리는게 딱 한남콘처럼 생겨먹었을듯","얼굴갈린새끼들이 자주쓰는 단어 능지, 선넘네 "
"337",544,"어 리더야ㅋㅋ너 하는게 뭐니?ㅋㅋ","사장이라뭬 자소서 필요 없는 사장 엌ㅋㄱㅋㄱ씹프피도 그렇게 안살음ㅋㅋㄹㅃㅃ. 넌 엣프피가 아니라 불건강 씹프피인듯."
"338",545,"밑에분 갑자기 씹프피 왜 혐오하시는지 아시는분?","씹프피갤에다 물어봐야지  "
"339",546,"너 쥰내 유명하더라ㅋㅋ","여러갤 시비 털다가 다 아가리 못놀려서 이 갤로 온거라매? ㅠ 으 불쌍행ㅠ 예체능 사장이나 하시는분이 할 짓 없어서 이갤 저갤 싸움 걸고 다니냐?ㅋㅋㄱ너같이 살기 힘들듯."
"340",547,"너는 우울증 갤러리 강추함","그 갤의 심화버전 좆목갤로다가 페미싫어 빼애액 하면서 노가다꾼한테 보지들이미는 그런갤이라더라 "
"341",548,"연예인ㅋㅋㄱㅋ ","누구 연예하냐?ㅋㄱㅋㄱㄱ그거 틀리는 사람 없을듯ㅋㅋㄱㄱ 네수준이 딱 사흘 뜻 보는 애 아니냐?ㅋㅋ 응 전교권에서 논다는 수준 잘봤구연~"
"342",549,"디시에서 난 페미아니야 빼애애애액","결혼하고싶어 웅앵웅 내 이상형은 웅앵웅 거리는년 얼굴 상상하면 와... 말잇못 "
"343",550,"나는 꾸준ㅎㅣ 커엽고 친절함",""
"344",553,"뮤트 뜻은 고딩들도 알아;","영단어 외워보긴해...?ㅋㄱㅋㄱ 영어에 그뭔씹 ㅇㅈㄹㅋㄱㅋ어 추해^^ 내가 말을 말지. "
"345",556,"Mute야. 병시나ㅋㅋㄱㄱ","트윗밖에 안하니 트윗용어 ㅇㅈㄹㅋㅋㄱㅋㄱ. 고딩때 한번이라도 단어를 봤을텐데? 트윗에서 mute 만들었누?ㅋㄱㄱㄱ"
"346",563,"차단과 뮤트는 다르단다^^","Mute는 말이 없는 이라는 뜻을 가지고있어ㅋㄱㄱ. 그뭔씹 ㅇㅈㄹ하지말고; ㄹㅇ 여러면에서 쓰이는데 방구석에서 갤질만 하니 모르지ㅋㅋㄱㅋㄱ. 연예인 mute 다음 또 뭐일려나? "
"347",567,"웅미안한데 외국인들 넘 마니알고",""
"348",568,"Mute해는 내가 말한거고 보통은 mute만 친단다!","Mute좀 mute 이렇게 쓰인단다! 알려주니 뮤트해 뮤트해ㅋㅋㄱㅇㅈㄹㅋㅋ 앵무새인줄ㅎ.하긴야 친구가 있어야 게임도 하고 대화도 할텐데ㅠ. 가서 트위터나 해; 언냐 개쪽팔려ㅠ. 아 방구석 쌉디시인들은 디시질만 하니 그럴 수 있나?ㅋㅋㄱㅋ "
"349",571,"누나 십억 인증해주!!!!<U+267F>+<U+267F>+<U+267F>+<U+267F>+<U+267F>+<U+267F>+<U+267F>+<U+267F>+","눈나"
"350",572,"눈나 나 일하다 다쳣덩 호해저<U+267F>+<U+267F>+<U+267F>+<U+267F>+<U+267F>+","호우!!!!"
"351",573,"너처럼 친구많으면 이지랄ㅋㅋㅋㅋㅋㅋㅋ","동기없어 동기? 동기라도 만나렴...  아 대학을 안갔나  "
"352",574,"왕들도 통수맞아 죽더라 웅앵웅.....","오늘의 개그 "
"353",575,"ㄱㄲ정리해줄께","네 발언 상위권 쌉인싸에 사장 ㅇㅈㄹㄲㅋ실상은?<U+00A0><U+00A0>연예인 mute 그뭔씹; 사흘 나흘 뜻은 앎?<U+00A0><U+00A0>누가 쓰냐 ㅇㅈㄹ하더니 결국 친구있니?<U+00A0><U+00A0>뮤트해 친구있니?<U+00A0><U+00A0>뮤트해~앵무새친구 할 발언 없으니 친구 인증해~ 응~ 네 수준 딱 보이는데 네 친구는 안봐도 블루레이지? 아 블루레이 뜻은 알아?ㅋㅋ너처럼 한심스럽게 살 수 없을텐데~ 인싸란 사람이 하루종일 갤질 으;;; 친구에게 본인 디시에 이런 글 싸지른다 보여주지 못하죵?사장이 그것도 모르면 어떡해...ㅎ;; 딱 네 수준 아가리해라 ㅇㅈ?급이 다르다 이말이야^^*"
"354",577,"여러분 61.77 친구구해요","같이 갤하실분 구한답니다 "
"355",578,"페미된 이유 딱하더라 남자한테 된통당햇ㅇㅇ,ㅁ쟤","ㅇㅇ"
"356",579,"211.204<U+2764>61.77 오늘부터 친구",""
"357",580,"211.204와 61.77이 친구 구하는 갤러리입니다","일단 둘은 단짝. 스스로 '우리'라고 칭함  "
"358",581,"<U+2764>+esfp2w1(223.62):남편 구함<U+2764>+","10억 자차 소유중"
"359",582,"ㅋㅋ끼리끼리 좋다고 수준보소;ㅋㄱㄲ ","탈갤 권했던 이유가 역시 나왔누ㅋㄱㅋ. 으응^^ 역시 끼리끼리 만난다더니ㅎ. 혼자 풀발 잘해 언냐!<U+00A0><U+00A0>난 내일 삶도 살아야해서ㅎ. 과제해야하거든!<U+00A0><U+00A0>심심하면 개념들 다시 읽어~ 네 담당일진도 손 못쓰는지 탈주했던데? 꼭 친구 소개받으면 개념글 공유해주라! 그렇게 당당하면 이것도 당당한거 아니누?ㅋㅋㅋ 다시 뮤트 친구없니? 이ㅈㄹ반복해~ 현생살러갈께! 역시! 음!"
"360",583,"한남콘은 안티페미 61.77이 싫다고 했다. ....","61.77메갈행 "
"361",584,"엣프피갤은 안티페미 61.77을 사랑하는 한국남자 구합니다","마음있는 한남콘들께서는 언제든지 저쪽에 댓글다세요 "
"362",585,"현실에서 한남패면 친구잃는줄아는 명예한남년 수준",""
"363",586,"자니?","잘자"
"364",587,"판에서 친구구하는건 너같은애들이고","애미가 없나? "
"365",588,"아니씨발년아 실친이라고",""
"366",589,"아 여친보고싶다",""
"367",590,"무슨시발 전부 사이버인간인줄아나","존ㄴㅏ황당하네  "
"368",591,"___",""
"369",592,"___",""
"370",593,"___",""
"371",594,"___",""
"372",595,"211.204<U+2764>61.77(한남 좋못사함)","존나 잘어울려 한녀 좋못사하는 좆의숙주와 안티페미 명예한남콘 "
"373",596,"___",""
"374",597,"___",""
"375",599,"___",""
"376",600,"___",""
"377",601,"___",""
"378",602,"___",""
"379",603,"___",""
"380",605,"___",""
"381",606,"___",""
"382",607,"___",""
"383",608,"___",""
"384",609,"___",""
"385",610,"___",""
"386",611,"___",""
"387",612,"___",""
"388",613,"___",""
"389",614,"___",""
"390",615,"이...이게 뭐노.......",""
"391",616,"심지어 누가 있네?",""
"392",617,"처음왔는데 갤 왜 이따구노 ㅋㅋ",""
"393",619,"이...이게뭐노...","씨발워마드갤ㅆㅅㅌㅊㅋㅋㅋㅋ"
"394",620,"엣픞 갤 살려<U+270A><U+270A><U+270A><U+270A><U+270A><U+270A><U+270A><U+270A><U+270A><U+270A>",""
"395",621,"한남콘친구 구하더니 빤스런한년 안오노^오^","ㅋㅋ "
"396",622," 나 기다렸노^^","너보다 바빠서ㅎ^^ 얼마나 보고싶었으면 글써서 날 찾노^^인터넷 친구들이랑 놀지말고 실친 애들이랑 좀 놀아....아 혹시... 동갑들한테 다 불호받았노ㅋㅋ 그럼 킹정~동생들과 친한게 아니라 동생들이 너가 불쌍해서 놀아주는듯!게이는 연예인 연애인 맞춤법 찾아봤노ㅋㅋ? 아 예체능이면 이정도는 봐줘야제ㅋㅋㄹㅃㅃ. 빨리 자위질이나 하셈. 심심하면 개념 재정독ㄱ. "
"397",623,"바로 튀어오노ㅋㅋㅋㅋ존나웃겨ㅋㅋㅋ또 구구절절","누가읽는다고 애미 씹장문충은 씹프피갤로 "
"398",624,"하루종일 오만갤 다 돌아다니느라 바빴나봐","심갤하랴 타갤하랴 개념글보랴 그런건 너나해 앰창년아...;;^^; 아직 좆목할 한남콘 못구한듯ㅋㅋㅋㅋㅋㅋㅋㅋㅋ  "
"399",626,"이런와꾸도 빨아주는게 저년임","한남 사랑해서 눈깔 디집혔댕  "
"400",627,"저 밑에 한녀랑 좆목하실 한남콘 제발ㅠㅠ","8시 환영  "
"401",628,"???: 난 보지지만 페미싫어 김지영 극혐","이런거 좆빨아주다가 좆기낳고 자살함ㅋㅋ "
"402",629,"보지는 고소득일수록 혐혼하지않는다","씹팩트  애비가 돈많으면 딸이 한남병신 만나게 냅두지 않음  편하게 살라고 지원하지  거지 집구석이나 취집 좀 가라고 닥달함ㅋ  이미 혐혼으로 인생 좆창나서 2시방향 한남 좆기 낳고  자기 커리어 박살나면  미혼여자에 열등감 폭발해서 맘카페에서 안티페미질 시전하게됨ㅋㅋ  지가 씹거지에 의지할데 없는 고아련이라 혐혼한걸 왜 페미탓하농  "
"403",630,"???: 저랑 좆목하실 한남콘 구합니다<U+2764> 모쏠아다고 한남사랑함","환ㅡ영 "
"404",631,"페미아닌애들 마인드도 이런데 저년은 얼마나 남자가 고팠으면",""
"405",632,"풀발 레게노ㅋㅋ","ㅋㅋㅋㄱ너와 다르게 난 셤기간이라..!!! 현생사는 나와 비교하지 말아줄래ㅋ? 혼자 정상인 일반인인척 하는 모습이 개역겹누ㅋㅋ한남 한남 ㅇㅈㄹ하더니 갑자기 년으로 만들고있누 모순 ㅆㅅㅌㅊ.갤 이름 도태 망상 피싸개련의 일기장 추천ㄱㄱ. 딱네수준ㅋ어디에 트리거 걸려서 부들거리노? 여윽시 ^^b. 주변 수준도 볼 것 없을텐데 거기다 통계 내고 있으니 응....^^* 안봐도ㅋ? 이정도면 불건강이 아니라 정신병인데? 현실 일진 후빨 찐따련들이 enfp esfp esfj로 많이 위장치더라ㅋㅋ 너도 이 중 한명일거라 생각해!너같은 ㅆㅎㅌㅊ 유전자 퍼뜨리지말고 스스로 도태해라. 제3의 성별이랑 웅앵거리고 있을 시간 없어서...ㅎ. 디시 검색어에 엣프피만 쳐도 어느갤에서 너 욕먹고 있음ㅋㅋ 네 말대로 ㅈ목 심갤 제외해주면 인티제 엔팁 인팁갤에서도 욕 조지던데ㅎ. 나같으면 잠수탐ㅋ. 근데 그 정신력이라면 문복x급이라 ㄱㅊ을듯. 열정페이 b. S가 경험에 의해 결과도출 한다며? 너가 딴갤 순환하고 사닌까 그정도 밖에 못가는거제. 딱 네수준 응~"
"406",634,"61.77<U+2764>한남충 ","섹스에 환장해서 합체했노ㅋㅋㅋㅋㅋㅋ "
"407",635,"난 셤기간이라 이지랄ㅋㅋㅋ 셤기간에 꼬박꼬박 디시하노ㅋㅋ","맴창지잡년 씹장문으로 구구절절 풀발ㄷㄷ "
"408",637,"61.77은 안티페미지만 와꾸갈려서 아무도 노관심ㅋㅋㅋㅋㅋ","ㅋㅋㅋㅋㅋ씹 한남좋다는데 한남이 거르노 ..... 하수구인생ㅋㅋㅋㅋㅋㅋㅋㅋ "
"409",641,"한남충 와꾸는",""
"410",644,"여친이 연락하지 말라고 한뒤 잠수탄다. 당신은?","         여친 집에 찾아간다 vs 여친이 연락할때까지 기다린다.        "
"411",648,"자기개발코칭받고있는데","내가 돈줘야하는거 아님?ㅋㅋ난 복받은 사람인가"
"412",649,"엣프피 눈나 들어와","ㅎㅎ"
"413",650,"kakao에 입사했다","아싸"
"414",651,"여자 만나고시퍼,,","밥사주고돈 잘내고 개방적인 여자 만나고시퍼,,,차도 있는 그런 여자,,,"
"415",652,"요즘 여자들 더치만 함ㅋㅋㅋㅋ","나같은 남자가 어디있다고 감히 더치할려고해?친히 나님이 여자보러가는데 나도 돈내야돼? 참나 "
"416",653,"포기하는것도 용기래","음"
"417",654,"덤디덤덤덤디디덤덤덤디덤덤덤디디덤덤",""
"418",655,"덤디덤덤덤디디덤덤 덤디덤덤 턴업마서머",""
"419",656,"ESFP 나왔어","좋은거야? "
"420",657,"infp인데 나랑 뭔가 안맞는사람한테 물어보니까 esfp래","         서로 좋아는 하는데뭔가 말하면 뭔가 안맞아대화주제 생각해서 꺼내면뭔가 안맞아... 핀트가 다른느낌이래야되나안지도 오래됐는데서로 긴장하면서 말해야됨ㅋㅌㅋㅋㅋㅋㅋ싫어하지 않는데 그냥 안맞는듯        "
"421",659,"esfp가 제일 구린거아니냐?","주위 민폐충 새끼들보면 죄다 esfp같음"
"422",666,"나 좋아한다 해줬던 애가 esfp 였는데","만났으면 안맞았을까? 나는 infp 남자"
"423",667,"ㅡ"," - dc official App"
"424",669,"엣프피는 이성한테 더 낯가림이 심해?","         내 친구 두 명이 엣프핀데 동성한텐 용기내면 말걸 수 있는데 이성한텐 절대 못 거는 거 같아서 이게 엣프피 특징인 건가 궁금해!!        "
"425",670,"와이프느님이 estp","난 infj어떻게 살고있을것같아?"
"426",674,"ㅊㄱㄱㅎㅇ♥♥♥♥♥♥♥♥♥♥♥♥♥♥"," - dc official App"
"427",675,"S랑 N이랑 무슨 차이야?","ENFP랑 ESFP 번갈아나오는데 무슨 차이인지 모르겠다 알려줘ㅠ "
"428",676,"MBTI 유형별 선호도 조사","http://naver.me/5iYKaVyi 예상 소요 시간 2~4분 추후 결과 각 갤러리에 올리도록 하겠습니다 "
"429",677,"<U+2764><U+2623><U+2B50><U+2705><U+267F><U+264B>사랑해<U+2764><U+2623><U+2B50><U+2705><U+267F><U+264B><U+2764><U+2623><U+2B50><U+2705><U+267F><U+264B>사랑해<U+2764><U+2623><U+2B50><U+2705><U+267F><U+264B><U+2764><U+2623><U+2B50><U+2705><U+267F><U+264B>사랑해<U+2764>","<U+2764><U+2623><U+2B50><U+2705><U+267F><U+264B>사랑해<U+2764><U+2623><U+2B50><U+2705><U+267F><U+264B><U+2764><U+2623><U+2B50><U+2705><U+267F><U+264B>사랑해<U+2764><U+2623><U+2B50><U+2705><U+267F><U+264B><U+2764><U+2623><U+2B50><U+2705><U+267F><U+264B>사랑해<U+2764><U+2623><U+2B50><U+2705><U+267F><U+264B><U+2764><U+2623><U+2B50><U+2705><U+267F><U+264B>사랑해<U+2764><U+2623><U+2B50><U+2705><U+267F><U+264B><U+2764><U+2623><U+2B50><U+2705><U+267F><U+264B>사랑해<U+2764><U+2623><U+2B50><U+2705><U+267F><U+264B><U+2764><U+2623><U+2B50><U+2705><U+267F><U+264B>사랑해<U+2764><U+2623><U+2B50><U+2705><U+267F><U+264B><U+2764><U+2623><U+2B50><U+2705><U+267F><U+264B>사랑해<U+2764><U+2623><U+2B50><U+2705><U+267F><U+264B><U+2764><U+2623><U+2B50><U+2705><U+267F><U+264B>사랑해<U+2764><U+2623><U+2B50><U+2705><U+267F><U+264B><U+2764><U+2623><U+2B50><U+2705><U+267F><U+264B>사랑해<U+2764><U+2623><U+2B50><U+2705><U+267F><U+264B><U+2764><U+2623><U+2B50><U+2705><U+267F><U+264B>사랑해<U+2764><U+2623><U+2B50><U+2705><U+267F><U+264B><U+2764><U+2623><U+2B50><U+2705><U+267F><U+264B>사랑해<U+2764><U+2623><U+2B50><U+2705><U+267F><U+264B><U+2764><U+2623><U+2B50><U+2705><U+267F><U+264B>사랑해<U+2764><U+2623><U+2B50><U+2705><U+267F><U+264B><U+2764><U+2623><U+2B50><U+2705><U+267F><U+264B>사랑해<U+2764><U+2623><U+2B50><U+2705><U+267F><U+264B><U+2764><U+2623><U+2B50><U+2705><U+267F><U+264B>사랑해<U+2764><U+2623><U+2B50><U+2705><U+267F><U+264B><U+2764><U+2623><U+2B50><U+2705><U+267F><U+264B>사랑해<U+2764><U+2623><U+2B50><U+2705><U+267F><U+264B><U+2764><U+2623><U+2B50><U+2705><U+267F><U+264B>사랑해<U+2764><U+2623><U+2B50><U+2705><U+267F><U+264B><U+2764><U+2623><U+2B50><U+2705><U+267F><U+264B>사랑해<U+2764><U+2623><U+2B50><U+2705><U+267F><U+264B><U+2764><U+2623><U+2B50><U+2705><U+267F><U+264B>사랑해<U+2764><U+2623><U+2B50><U+2705><U+267F><U+264B><U+2764><U+2623><U+2B50><U+2705><U+267F><U+264B>사랑해<U+2764><U+2623><U+2B50><U+2705><U+267F><U+264B><U+2764><U+2623><U+2B50><U+2705><U+267F><U+264B>사랑해<U+2764><U+2623><U+2B50><U+2705><U+267F><U+264B><U+2764><U+2623><U+2B50><U+2705><U+267F><U+264B>사랑해<U+2764><U+2623><U+2B50><U+2705><U+267F><U+264B><U+2764><U+2623><U+2B50><U+2705><U+267F><U+264B>사랑해<U+2764><U+2623><U+2B50><U+2705><U+267F><U+264B><U+2764><U+2623><U+2B50><U+2705><U+267F><U+264B>사랑해<U+2764><U+2623><U+2B50><U+2705><U+267F><U+264B><U+2764><U+2623><U+2B50><U+2705><U+267F><U+264B>사랑해<U+2764><U+2623><U+2B50><U+2705><U+267F><U+264B><U+2764><U+2623><U+2B50><U+2705><U+267F><U+264B>사랑해<U+2764><U+2623><U+2B50><U+2705><U+267F><U+264B><U+2764><U+2623><U+2B50><U+2705><U+267F><U+264B>사랑해<U+2764><U+2623><U+2B50><U+2705><U+267F><U+264B><U+2764><U+2623><U+2B50><U+2705><U+267F><U+264B>사랑해<U+2764><U+2623><U+2B50><U+2705><U+267F><U+264B><U+2764><U+2623><U+2B50><U+2705><U+267F><U+264B>사랑해<U+2764><U+2623><U+2B50><U+2705><U+267F><U+264B><U+2764><U+2623><U+2B50><U+2705><U+267F><U+264B>사랑해<U+2764><U+2623><U+2B50><U+2705><U+267F><U+264B><U+2764><U+2623><U+2B50><U+2705><U+267F><U+264B>사랑해<U+2764><U+2623><U+2B50><U+2705><U+267F><U+264B><U+2764><U+2623><U+2B50><U+2705><U+267F><U+264B>사랑해<U+2764><U+2623><U+2B50><U+2705><U+267F><U+264B><U+2764><U+2623><U+2B50><U+2705><U+267F><U+264B>사랑해<U+2764><U+2623><U+2B50><U+2705><U+267F><U+264B><U+2764><U+2623><U+2B50><U+2705><U+267F><U+264B>사랑해<U+2764><U+2623><U+2B50><U+2705><U+267F><U+264B><U+2764><U+2623><U+2B50><U+2705><U+267F><U+264B>사랑해<U+2764><U+2623><U+2B50><U+2705><U+267F><U+264B><U+2764><U+2623><U+2B50><U+2705><U+267F><U+264B>사랑해<U+2764><U+2623><U+2B50><U+2705><U+267F><U+264B><U+2764><U+2623><U+2B50><U+2705><U+267F><U+264B>사랑해<U+2764><U+2623><U+2B50><U+2705><U+267F><U+264B>"
"430",678,"궁금한게 ESFP는 쉬는날 진짜 약속없어도 밖에 나감?","         누구 안 보더라도 혼자 나가서 놀아?그리고<U+00A0>이 갤 글 확인하는 정도면은<U+00A0>ESFP 치고는 평소 인터넷도 좀 하는 편이긴 하겠지만대부분 E 성향들 커뮤 같은 거 잘 안 하지 않음? 친구랑 수다 떨어버리지        "
"431",686,"mbti가 솔직히 신뢰도가 있냐?ㅋㅋ","걍 지좆대로 꼴리는대로 이상적인생각 섞어서 선택하는게신뢰있?ㅋㅋ"
"432",687,"헤으응 엣프피 눈나가 대딸해주면 좋겠다아...","펨돔끼 있는 엣프피 눈나가 대딸하면서  사정관리 해주면 좋겠어  "
"433",691,"학교 전교1등이 엔프피라 와봄","난 ESTP"
"434",692,"오늘 울엄 피싱당할뻔함","전화와서 살았다  "
"435",694,"개틀찐따한남은 말투만 봐도 티남","씹찐 티내기 싫어서 닉에 ESTP박은거 존나 개그넼ㅋㅋㅋㅋㅋㅋㅋㅋㅋㅋㅋㅋㅋ  노가다 뛰어서 창녀랑 말이라도 섞어보는게 인생 유일한 낙인 한남이라고 자기소개ㅋㅋㅋㅋㅋㅋㅋㅋㅋㅋㅋㅋㅋㅋㅋㅋㅋㅋㅋㅋㅋㅋㅋ 저런거 낳고 미역국 먹은 어미가 불쌍ㅋㅋㅋㅋㅋㅋㅋㅋ  "
"436",695,"ExFx가 가장 미인이 많은 성격인듯","여자 만나보면서 느낌이쁘고 활발하고 잘웃고 여성성 넘치는 애들은ExFx 임 ㅋㅋㅋㅋㅋㅋㅋㅋㅋㅋㅋㅋㅋ특히 ESFJ ENFJ가 제일 사람이 좋고ESFP는 은근 ISTP 남자랑 가치관 잘맞고 ENFP는 안맞긴 한데 그래도 존나 착하고 순해보임미인이 많은 MBTI 유형은 저 4가지 유형이 많은거같다저 4유형은매력도 있고.내향형 여자들은 착하고 집순이에 좋긴한데결혼하기 좋은거지 매력은 조또없음"
"437",696,"아 근데 확실히 여우같은 여자들이 ESFP가 많긴했음","내숭 심하고 주변에 남자 많고 밖에 돌아다니는거좋아하고 원나잇 상대로 ESFP가 정말 많았긴 한듯...여우들이 정말 많은 성격 같긴해ENFP도 ESFP랑 비슷한 부류긴 한데 얘들은 뭐랄까 착하고 존나 순수하기라도 했던거같음 ㅇㅇ조용하고 집순이에<U+00A0><U+00A0>순하면서 밝히는애들은 ISFP가 많았고씹프피는 걍 ㅂㅅ인프제여자들은 착하긴한데 친해지면 말 개많고 알수록 기빨림T 여자들은 걍 남자같고 "
"438",697,"죄송합니다","오늘 엄마랑 병원갔다왔는데 정신병이래.. 이제 갤 안올게 ㅂㅇ"
"439",698,"Intp Entp = 1호선 냄새풍기는 한남콘유형","ㅇㄱㄹㅇ ㅂㅂㅂㄱ"
"440",701,"디씨하는 씹팁남들 사상이 그냥 정준영임ㅋㅋㅋㅋㅋㅋ","근데 면상은 한남티콘이라 방구석에서 하루종일 여혐글 싸지를뿐ㅋㅋㅋㅋㅋㅋㅋ안봐도 비디오노 왜사노 재기해라 이기야"
"441",705,"룸빵유형ㅎㅇ","ㅇ"
"442",706,"님들 인팁 호감? 비호감?","ㅈㄱㄴ "
"443",707,"아개웃겨 우리아빠(isfp) 에고그램 이거나옴",""
"444",708,"<U+2B50><U+2B50><U+2B50><U+2B50><U+2B50>환상이라도 상관업서<U+2B50><U+2B50><U+2B50><U+2B50><U+2B50><U+2B50>",""
"445",709,"<U+2764><U+2B50><U+2764><U+2B50><U+2764><U+2B50><U+2764><U+2B50><U+2764><U+2B50><U+2764><U+2B50><U+2764><U+2B50><U+2764><U+2B50>",""
"446",710,"<U+2764><U+2764><U+2764>쇼미더머니<U+2764><U+2764><U+2764>","예아"
"447",711,"<U+2B50><U+2B50><U+2B50>저작권료 60억 받는 래퍼가 이따?<U+2B50><U+2B50><U+2B50>","삐슝빠슝"
"448",712,"<U+3030>+<U+3030>+<U+3030>+<U+3030>+<U+3030>+<U+3030>+<U+3030>+<U+3030>+<U+3030>+<U+3030>+<U+3030>+<U+3030>+<U+3030>+<U+3030>+<U+3030>+<U+3030>+<U+3030>+<U+3030>+<U+3030>+<U+3030>+","ㅅ"
"449",713,"<U+2B50><U+3030>+<U+2B50><U+3030>+<U+2B50><U+3030>+<U+2B50><U+3030>+<U+2B50><U+3030>+<U+2B50><U+3030>+<U+2B50><U+3030>+<U+2B50><U+3030>+<U+2B50><U+3030>+<U+2B50><U+3030>+<U+2B50><U+3030>+<U+2B50><U+3030>+<U+2B50>","Sh"
"450",716,"여기 글들이 왜케 다 공격적이야..","깜짝놀랐네...다들 사이좋게 지내자ㅡisfp"
"451",717,"얘넨 무섭군","도망 "
"452",726,"오자마자 탈갤함","         ㅅㅂ 정반대 인간들 보러 왔는데 정신사납네 ㅂㅂ        "
"453",727,"티제한남들 관음오는거 극혐이노",""
"454",729,"<U+2B50>E<U+2B50>S<U+2B50>F<U+2B50>P<U+2B50>","ㅇ0ㅇ"
"455",730,"애미뒤진 정신병자 피싸개년 식민지노ㅋㅋ","디시좀 쳐기어들어오지마 개좆돼지씨팔페미련아"
"456",731,"도태한국남자들 관음하다가 좆부들대노ㅋㅋㅋㅋㅋㅋㅋㅋ",""
"457",732,"요즘 학생들 페미겨육 받는다며?","교사들도 그렇고카더라임"
"458",733,"갤존나 혼란스럽네..","ㅋㅋ "
"459",750,"갤 혼란스럽네","옆동네 INFP인데 갤글 보고 왔는데 도배충이 갤 혼란스럽게 만드냐"
"460",751,"Esfp 좆튭 특",""
"461",752,"김준호 esfp일거 같음ㅋㅋㅋㅋㅋㅋ","ㅅㅂ존나웃김ㅋㅋㅋㅋㅋㅋ"
"462",754,"매니저님....","관리좀 해주세요... "
"463",755,"얘들아 우리 매니저 위임하자","어케하냐 우리 갤 살려야지 "
"464",762,"본인 intj인데 지금 좀 혼란스럽다","게시글 이거 다 컨셉인거지? 너네성격 원래 안이렇지??"
"465",765,"성매매에 대한 본인생각","잉 난 돈받고 ㅅㅅ하는거 상관없다고 생각함. 사람들이 왜 머라하는지 모르겠어 단지 더러워서? 난 노가다 하는거랑 성매매랑 같은거라고 생각함 하지만 성매매 사라져야한다고 생각함, 더러워서가 아니라 인권침해가 일어나기 때문임 남자들이 성매매하는 이유에 관한 연구결과를 봤는데 성욕때문이 아니라 권력욕 때문이라함 개취급하고 갑질하고 싶어서 성매매를 하는거임 이런 문제때문에 성매매에 대해 회의적인 입장임 "
"466",766,"몰카없으면","원나잇하고 다녔을텐데... 몰카땜에 짧은치마입는것도 걱정임 "
"467",767,"아니 시발 검사결과 왜이지랄이냐???",""
"468",768,"esfp가 성매매에 빠지기 쉬운 이유","생각이 단순해서...의심없이 성매매인줄 모르고 고수익 알바에 발을 들이게 되지 그리고 점점 깊은 늪에 빠지게 되고.... 돈에 맛에 취하게 되고 창녀로 낙인이 찍혀버려서 주변인들 협박에 일을 그만두지도 못하게 돼지.... 이들을 구하는 방법은...? =성매매 하지마라 수요가 없으면 공급은 사라지는법... "
"469",771,"외롭ㄷㅏㅓ ㅏㅏㅏ","새끈한 남자 만나고싶다 요즘은 남자 옷입은것만 봐도 좋더라 어깨부터 딱 떨어지는 핏이 맘에 들 "
"470",772,"난 연하가 존댓말하다 반말하는거","맘에 안들더라 첨부터 반말하던지 일관성있는게좋 발칙하게 느껴짐 "
"471",780,"워마드 애들 대표적 성격이 엣프피였냐?","ㅈㄴ 웃기네 ㅋㅋㅋㅋㅋ entj인줄 알았는데"
"472",782,"완전신기해 내가 좋아하는 연예인 ESFP 나왔어","         나 ESFP완전 사랑하거든최근에 덕질한<U+00A0>연예인이 mbti 했는데esfp 나왔음신기신기ㅋㅋㅋ 뭔가 유형때문에 끌리는게 있나봐        "
"473",783,"페미하는애들 미디어 꽤나 나왔는데 전부 좆같이 생긴거보면 ㄹㅇ","         솔직히 남자입장에서<U+00A0>별 손해는 아니라고 생각함 ㅇㅈ?        "
"474",785,"근데 엣프피 두라 너희 왜 한남 싫어하게 된거야?","먼가 아픔이 있니? 마냥 착한 인싸일것 같은 애들이 먼가 아픔이 큰것 같네.... "
"475",795,"하ㅏㅏㅏㅏㅏㅏㅏ이ㅣㅣㅣㅣㅣㅣ","다들 인싸답네<U+00A0>이상한애 차단하고 갤 봤는데 텅텅비었어코로나 2단계 졎같아 씨발"
"476",796,"Esfp 특징 및 장점","Iq 평균적으로 제일 낮아 생각 없이 하루 하루 사는게 부러움"
"477",797,"esfp2w1 따먹고 싶으면 개추","         강간마려우면 개추줘라 애들아        "
"478",799,"인프피중에 이런새끼도 있음 ㅋㅋㅋ","이제 고3올라가는애인데 정식검사결과 infp뜨는 자칭 예술가인데 수업시간에 쌤한테 ㅈㄴ 이상한말해댐.Ex) 쌤 저 모고7등급인데 공부포기하고 웹툰작가할래요.만화에 나오는 메가데레 여자랑 사귀고싶어요.소설에 나오는것처럼 코로나로 사람이 전부죽고 저혼자 지구상에 살아남으면 어떻게되요?수능시험장에서 EDM틀면 어떻게되요?수능감독관은 매수될수있나요?(학기말에 영상보여줄때) 신태일의 대신맨봐요. 신태일랩들어요!저왕릉을 전투기로 폭격하면 어떻게되요?이런 이상한질문해대니까 애들이 고3이아니고 초3아니냐고 수군댐 ㅋㅋㅋㅋㅋㅋㅋㅋ 쌤들도 약간 이상한놈취급하는거 같기도하고"
"479",803,"오 esfp갤도있네","반갑"
"480",806,"Intj 갤에서 왔습니다","병신들ㅋ"
"481",807,"내가 esfp 좋아하는 이유 ㅋㅋㅋㅋ","매일 이런저런 고민으로머릿속이 복잡하고 또 미래에대해불안해질때esfp 만나서 놀면 뭐랄까 숨통이 트이는 느낌임ㅋㅋㅋㅋ내일상에 맥주한잔 같은 친구ㅋㅋㅋesfp는 뭔가 고민을 원천적으로 싸그리 없애줌ㅋㅋㅋ학교? 다니기싫으면 ㅅㅂ그냥 가지마ㅋㅋㅋ오늘 노래방가자ㄱㄱ 이런느낌다른유형친구들도 조언을 해주거나 공감해주는 좋은부분들이 분명 있는데내고민이 더깊어질때가 많거든...ㅠesfp랑 있으면 내고민이 진짜 쓸데없는거였구나생각하게되고 나도 쿨하고싶고 뭔가 용기가 생김ㅋㅋ"
"482",808,"이사람 유형 뭘꺼같음?","당황스럽네 뭔데 이거 "
"483",812,"엣프피가 원래 이렇게 힘든사람이야?","내 친언니가 엣프피인데 진짜 너무 성격도 나랑 안맞고 내 다른친구중에 엣프피인애는 완전 성격좋고 착하고 그런데.. 내 친언니가 정말..너무 여러사람을 힘들게 해 이 글로는 다 설명할수 없겠는데 그냥 같이 살면 너무 괴로워 내 친언니는 나이도 많이 먹었으면서 자취생활안하고 같이 집에서 생활하면서 엄마 속을 왜 그렇게 섞이는지.. 난 학생이라서 혼자 자취도 못하고 .. 괴로워도 어디 못나가고.. 언니가 엣프피라는게 믿기지 않아"
"484",813,"앳프피럼들 애니어 몇번나왓냐 -ㅁ-ㅋ","난 스테레오 타입 앳프피는 아니고애니어 4번임-ㅁ-ㅋㅋ"
"485",814,"상장테스트 뭐 나오냐","         난 모두의엄마상 나옴<U+00A0>엣프피 섬세함은 ㅇㅈ        "
"486",815,"상장테스트 나온거다 -.-ㅋㅋㅋㅋ","아 밑에 부지런한 예술가가 더 욕심나는데아깝다"
"487",816,"오랜만에 엣프피갤 놀러왔는데 뭐냐?","왠 애미디진 한녀한테 갤점령당했노 만날 싸지르는글도 보면 좆노잼  tmi카톡 올리는거 버그임? estp갤로 피난와라 얘들아~  "
"488",819,"갤 망했네ㅋㅋ","         매니저 할 사람?        "
"489",826,"안녕 나는 INTP이야","         내 옛날 유형이 ESFP라서 놀러옴 ^^7777777        "
"490",828,"안녕하세요","잇프피 에서 넘어왔어요 잘 부탁드립니다"
"491",831,"엣티제인데 엣프피랑 잘 맞는 듯","얘네는 재밌고 착한데 눈치도 좋아서 맘에 듬 물론 걔네가 날 맘에 들어하는 지 들어하는 척하는 지는 모르지만"
"492",837,"인팁 어떄","         난 엣프피 좋아해        "
"493",838,"안녕","아직 동성 엣프피 만나본적 없음전남친이 엣프피였음이성으론 만나기싫어 ㅋㅋㅋ "
"494",840,"엣프피들은 디시를 안하나요","예?"
"495",841,"mbti 설문 한번씩만 부탁드립니다!","안녕하세요 esfp 갤러리 여러분! mbti와 취향의 관계에 대해서 조사하고 있습니다! 짧고 간단한 설문이니 시간 나시는 분들 한 번씩만 참여 부탁드립니다!!  https://docs.google.com/forms/d/1l1gBvHo7A1rlZfZ9rBwTxGYnLErYUDCT4A1WA9gxZho/edit  "
"496",844,"안뇽 엣프피야","반가웡"
"497",845,"없애고 싶은 MBTI 유형은?"," "
"498",847,"내 친구가 자꾸 인팁이라 우기는데","         왜그러는 걸까?<U+00A0>집에 있는 거 싫어하고 밖에 나가서 노는 거 좋아하고 그런 앤데 자꾸 우기는 이유가 뭘까? 약간 특별해보이고 싶은 건가? 참고로 내 친구 원래 엠비티아이 엣프피임 굳이 신경은 안 쓰는데 심리가 궁금하네        "
"499",848,"esfp 남자 바람둥이야?","ESFP남자성격은 쿨내나고 잘놀고 좋은데솔직히 가벼운느낌도 드는게 사실이거든ESFP남자 바람끼많을까?"
"500",849,"나 esfp-t 나왔는데","뒤에 t는 무슨 의미냐?"
"501",850,"MBTI 설문조사 결과 링크입니다!","https://m.dcinside.com/board/pstest/218247 MBTI별 분석은 올려드리지 못해서 전체 결과만 심리 테스트 갤러리에 올리고 나머지 MBTI 갤러리들에도 알려드립니다! 링크의 글에 들어가시면 스프레드시트 링크가 있어 개별 그래프 확인하실 수 있습니다! 참여해주신 분들 모두 감사합니다!! "
"502",851,"esfp 니네 왤케 귀엽냐?ㅋㅋㅋㅋㅋㅋㅋㅋ",""
"503",853,"역시 여초 페미 대깨문의 대다수를 차지하는 유형 답누 ","대가리 깨지다 못해 뇌수 철철"
"504",854,"놀러왔어요",""
"505",855,"나무위키에서 ESFP 아이큐 낮다는데 빡치네...","나 아이큐 140이다 빡친다 나무위키"
"506",856,"정박아 좋아 정박아 좋아 정박아 좋아","정박아 정박아 정박아 "
"507",857,"설문) 비호감/싫어하는 MBTI......vote",""
"508",858,"국가공인 룸빵유형 ESFP","         반박시 ESFP<U+00A0>        "
"509",859,"너넨 엔티제 어케 생각함","요즘 엣픞친구 사귀었는데,그 친구가 분명 친구가 많은데 나랑만 놀려하거든?그리고 뭔가 나랑 친구끼리 치는 농담이나 장난같은건 잘안하지만,많이 놀러다니고 이쁘게 하고 다니는데계속 둘이 놀러다니니까 친하긴 겁나 친한것같은데 뭔가장난같은건 별로 안치는데 얘기하면서 많이 웃고 그런..아니 애초에 왜 나한테 이렇게 관심을 갖는걸까.걔 진짜 친구 많은데 나한테 친구해줘서 고맙다하면서평일주말 내내 나랑 있으려하는데걔가 날 어케 생각하는지,왜 이렇게 좋아하는건진 모르겠음.이게 원래 내가 젤 잘났고 나보다 잘난애 없다라는 마인드인게 아니라,이건 진짜 내가 생각해도 날 너무 좋아하는것같음."
"510",862,"Esfp들아 너넨 에고그램 뭐나오냐 난CBBAB",""
"511",863,"디시 ㅈㄴ재미업네","댓글도 안달리고ㅅㅂ내가 노잼이어서그런가? 댓글좀 달아줘 디시 재밌어보여서했는데 왜이러냐"
"512",864,"Esfp 대깨문 많은거 팩트임?","같은 엣프피로써 부끄럽다.."
"513",865,"엣프피 정말 옷같은거 좋아해?","내 주위 엣프피 2명 있는데 두명다 옷 오지게 조아함 너넨 어때 "
"514",866,"와 인싸들은 디씨 안하구나","부럽다 인싸들"
"515",868,"짝녀가 esfp ...  호감있는거 맞는지..?","         파악한 그녀의 성격과 그녀의 호감표시인지 헷갈리는것들1.자기전까지 통화를 계속한다 통화하면 4시간 한적도 있고 짧게는 40분정도 한다. 일상얘기나 자기 어제했던 얘기 누구랑 대화했던얘기 등등<U+00A0><U+00A0> 이야기보따리 장수처럼 나에게 쏟아붓는다.2. 자기는 남사친이 없다고 얘기하고 연락하는 남자가 있다면 그것은 남자라고 둘러대긴했다. 그런데 매일 연락한지 11일째...<U+00A0>3. 존나 시발 요런단어도 종종쓰고 전남친? 얘기를 많이한다. 물론 대부분은 남친 돌려깎는거다 그래서 안심이 든다.<U+00A0>4.자기 남자한테 번호따인 썰이나, 꼬심당한적 그런것들도 푼다. 이런남자들 싫다고 말한다.<U+00A0>5. 나에 대한 관심이 많이 없어서 나스스로 많이 말한다 나도 말이 많기때문이다. 그럼 잘들어준다<U+00A0>6. 카톡이 근데 연락초기와 점점 다르게 텀도 느려지고 내용도 줄어든다 연락초기에는 거의 실시간 카톡과 ㅋㅋㅋㅋ갯수가 많았다 하지만 점점 줄어든다7. 자기가 먼저 나는 카톡을 쌓아두고 있는편이라고 한다 200개정도 개인톡와도 씹는다고 한다. 인성쓰레기라고 말한다. 전화가 엄청 좋아한다고 얘기한다.<U+00A0> 이렇게 얘기하는거 보면 알아달라고 하는것같기도해서 그린라이트인가 긴가민가하다.<U+00A0>8. 또한 자기는 전화를 먼저안건다고 한다. 그동안 쭈욱 내가 먼저 미친척하고 연락했던것같다.<U+00A0>9.연락 초기에 전화할때는 4시간 통화넘게 할때가 있었는데 그때는 할말없어 정적이 흐를때도 먼저 그녀가 이어나가줬다 요즘은 그러다가 오빠는 뭐할거없어 ?<U+00A0> 나도 이제 뭐하러 가봐야겠다하면서 전화를 끊는다. 그래서 보통 30~40분정도 하고 서로 할거없으면 길게 통화한다.<U+00A0><U+00A0>10.내가 상남자 스타일이 아니라 귀엽다고 하니까 나는 내가 막 리드하는스타일은 아닌데 귀여운스타일은 또 나쁘지않다며 애교말투로 한적이 있다<U+00A0><U+00A0><U+00A0><U+00A0> <U+00A0> 근데 그때 이여자가 술좀 취해서 한말이다.11. 어느순간 전화 끊을때 우웅~ 하는데 애교있는 우웅이다. 나 뭐하러 가야해 끊자! 라고 상여자처럼 말해도 그래 하면 우웅~ 요건 애교있는 우웅으로 바꼈는데<U+00A0><U+00A0> <U+00A0>아마 편해졌거나 그린라이트 아닐까 망상해본다.<U+00A0>전반적으로 연락할수록 편하게 대하는것같은데... 편한사이만 되는것같아.,.. 호감표현ㅇ을 내가 더 적극적으로 해야하는건지 궁금하다.<U+00A0><U+00A0>        "
"516",870,"드라마 주인공들 하나같이 ESFP같음","헛소문에 잘 속아넘어가고 ㅋㅋ 존나 1차원적인 개병신ㅋㅋㅋ "
"517",872,"안농하세오","엣프피 사랑하는 인프제에요 ㅎ 인사드리러 왓습니다  "
"518",873,"대가리 나쁜 유형 1타래","ㅋㅋ"
"519",875,"엣프피 다들 전공이 뭐야?","         ㅈㄱㄴ        "
"520",876,"아 여따가 물볼거 있었는데","갤이 망해서 이상한놈들밖에 없네그래도 정상적인 인간만 답해주길.요즘 사귄 친구가 esfp인데,걔가 날 겁나 좋아함.내가 느껴질정도로 내가 시간 조금이라도 빌때 있으면걔가 맨날 약속잡자하고걔도 친구 많은데 나하고만 놀음.이거 뭔 상황인지 걔 마음을 좀 알고싶다.<참고로 난 엔티제임>"
"521",877,"엣프피 너무 기여운거 가탱","라고 옆동네 엔프피가 들렷다가 엣프피들 너무 귀엽당 ㅠㅠㅠㅠㅠㅠㅠ"
"522",878,"ㅇㅇ","ㅎㅇ"
"523",879,"엣프피들은","엔프피 어케 생각해? 내가 엔프피인데 너넨 우릴 어케 생각하니 큐티한 칭구들 >_0 "
"524",880,"ENTJ인데 ESFP 넘 귀여운듯","         생각지도 못한 장난으로 나를 웃게 하는 반려견 같아        "
"525",881,"인팁) 여자친구가 esfp라 들어와봤음","인팁갤 하루 있다왔는데 정신이 오염되는 느낌이었다면여기는 말투부터 귀여워서 맘에 든다 ㅋㅋㅋ 개념글이나 올라오는 글도 질감이 다름 신기하네 "
"526",882,"너네 이성관리","어케함? 난 왤케 나 좋아해주면 정떨어지냐 한 남자만 바라보는 거 못함 아직 많이 좋아하는 사람을 안만나봐서 그런가.."
"527",885,"과학적인 예술을 하고 싶다","역설적인걸 ㅈㄴ하고픔 "
"528",886,"너네 엔프피랑 잘 맞아?","타유형이 봤을땐, 엔프피랑 엣프피랑 달라보이는거 없이 그냥 둘이 생김새 비슷한 댕댕이 같은데, 당사자 입장에서 엔프피랑 어떤 부분이 다른거 같아?"
"529",888,"헐 우리반 찐따들 수장 엣프피였음","뭔가 엣프피 중에 찐따는 없을 것 같았는데 내가 여태 나도 모르게 엠비티아이로 일반화하면서 살았나봐...."
"530",889,"엣프피들아 알려줘~","1.엣프피들은 회사나 어떤단체에서 그냥 좀 아는 사이정도인데,연락처는 서로 알고있고 앞으로 못 만나는 상황이 되었을때 (회사를 그만두거나 단체가 해산 되었을때) 연락처를 삭제하는 편이야? 아님삭제가 귀찮아서 걍 남겨두는 편이야?^^;2.나중에 엣프피가 연락해 올 확률은 있는거야?3.엣프피가 연락이 없어 내가 오랜만에 같이 밥, 술이나 먹자고 연락 하면 좋아할까? 부담스러워 할까?둘의 관계는 그냥 서로 조심스럽게 친절했던 동료 뭐 그정도 사이~서로 배려하며 잘해주고자 노력했던 사이..답변해주면 고맙겠어~^^"
"531",890,"Esfp갤 입갤ㅋㅋ",""
"532",891,"엣프피랑 잘 맞는게","<U+00A0>isfp intj entj라는데 나 진짜 젤 편하고 가까운 친구 isfp intj임ㅇㅇㅇㅇ 진짜 맞나봐 이제 entj 친구만 사귀면 될듯"
"533",893,"esfp 나무위키 짧은거마저 esfp같아","아 뭐야 정보 왤캐없어ㅡㅡ? 노잼이러는데 정작 본인이 쓸 생각은 거의안함ㅋ"
"534",894,"Intj에서 esfp가 될수있는거야?","일년전까지만해도 완벽한 집순이+약먹었어서 intj 나왔는데요새 활동도하고 정신도 건강해지니까 몇번을해도 esfp 나오네"
"535",897,"ESFP-T 나와서 함 구경왔는데","개념글 씹ㅋㅋ "
"536",898,"istj 남자가 보는 esfp 여자","엄청 덜렁거리고 뭘 자꾸 깨트려서 챙겨주느라 바쁨기분 좋아져서 업되면 말도 안되는 유머를 하고 들썩거리는데 그거 받아주느라 또 바쁨사실상 인간과 개의 교잡종"
"537",901,"엣프피 안녕","안녕안녕 엣프피는 어떤 사람들이니 "
"538",902,"esfp ♡ intx의 일대기",""
"539",903,"안녕나는 isfp...esfp애인이 있다","사실 infp~isfp 중간임 기빨려서힘들다 갑자기 일어나 노래부르고 춤추고 오바한다내입장으론 adhd같다...존나 쉽게 삐지고 화내고 진짜 그냥 정신덜자란애새끼같다그래도 단순해서 좋다"
"540",905,"ESFP 입갤!","         반가워~~!!!!        "
"541",906,"갤이 죽어있누","설인데.."
"542",908,"안습","순례왔는데 사람이 없어 "
"543",909,"와씨발","메갈년들이 다 장익했네"
"544",910,"상대방이 좋다고하면 정떨어진다는말에","엣프피를 조아하고잇던저는 마음을 접고갑니다"
"545",911,"ESTP갤에서옴","우리 범죄좀할래?"
"546",912,"나랑 정반대는 어떤지 궁금해서 와봄!","Intj 가 왔도다"
"547",913,"계획을 세우면 가장 잘 지킬 거 같은 p 유형은?"," 투표부탁 "
"548",914,"Esfp 남친 질문","사귄지 얼마안된 Esfp 남친을 둔 isfj 여자야!Esfp남친이 친구들 이랑 있을때는 말도많고 활발하다가 나랑만 잇으면 아직 긴장하고 말수도 줄고 그러는거 같아Esfp는 초반에 이성한테 낯가림이 심한걸까..??ㅠ자기가 자기입으로 자유로운 영혼이라고 얘기하기도 하고분명 비글미에 댕댕이 같은 성격이 드문드문 보이는데언제쯤 이런 낯가림이 사려자나 궁금하네..나는 isfj인데 esfp인 남자친구가 더 눈치보고 긴장해 하는것 같아서 ㅠㅠㅠㅋㅋㅋㅋㅋㅋ조언좀 구할께~"
"549",916,"여기 ㅈ망갤이노","         ㅇㅇㅇ        "
"550",917,"ESFP ESTP 조합","어떤가요 "
"551",918,"연애하고싶다","그냥 그렇다고 "
"552",919,"평생 한곳에 갇히기.jpg",""
"553",920,"esfp 친구 나 싫어하는거야??","톡내용임<U+00A0>나: 야 이거 봐봐 완전 웃기지 ㅋㅋㅋㅋㅋ친구: ㅋㅋㅋㅋㅋㅋㅋㅋㅋ나:ㅋㅋㅋㅋㅋㅋㅋㅋㅋ-대화끝-나: 야 갓겜 발견 같이하자친구: 나 보석십자수 해야해 다음에 하자 미안나: 그랭-끝-등등.. 본인은 isfp임<U+00A0>얘가 선톡하는 경우 거의 없고 일주일 간격으로 내가 선톡함.근데 톡하면 또 잘읽고...직접손으로 쓴 장문의 편지도 여러개 받음"
"554",921,"으스프프들아 너네 관심가는 사람생겨도","막 엄청 답장도 기다려지고 빨리 만나고싶고 이 정도로 좋아해도실망스러운 면 혹은 정떨모먼트 생기면 진짜 팍식어?난 그런편이라서..^^"
"555",922,"엣프피남이랑 대화중인데","존나 이루다랑 대화하는거같다 신기하네 "
"556",923,"엣프피 첫 입갤","왜 갤이 죽어있노"
"557",924,"INTJ가 봐도 INTJ갤은 병신이다. 완장이 특히 문제",""
"558",925,"esfp 다루는법","놀자 할때 놀아주면 됩니다. 끝"
"559",926,"[긴급] 엣붕이들 하나씩 입갤해라","         너네 언제까지 이렇게 살래?자꾸 이렇게 트렌드에 뒤쳐질거야?대체 니들이 꿀릴게 뭐있노?내가 니들 하나씩 입갤 시켜준다        "
"560",927,"intj입니다","         후욱        "
"561",928,"xsfj 에게 도움 준 경험","다들 있나? 생각해보니 문득 정서적으로나 물질적으로나 도움준적 있고 도와주고싶은 애들은 얘네들인거가타"
"562",930,"인티제갤 완장 글삭좀 그만해라","ㄹㅇ 고소하고싶다 왜 디시인사이드가 자유롭게 열어놓은 모두의 공간을 지맘대로 억압함? 니가 뭔데? "
"563",931,"esfp 어떻게 꼬시냐","냉무"
"564",932,"얘들아 급해 나 ESTP 남자고 짝사랑하는 애가 ESFP거든","2달 전에? 고백 했다가 한번 차였고 친구로 지내자는 말에 정말 친구로만 지냈어 속으로는 그 애를 쭉 좋아했고, 근데 엊그제 처음으로 걔랑 치맥을 한번 했어 처음엔 분위기도 되게 좋았어 ES*P가 좀 광기있긴하잖아? 성격도 되게 잘 맞았거든ㅇㅇ 그런데 절반 정도 먹어갈 때 쯤 애가 한달 전부터 썸타고 남친을 사겼는데 연락도 자주 안 보고 자기 놔두고 클럽을 가면 안 되냐고 막 그러다 싸웠대 장문으로 싸우다가 헤어졌다고 이야기 하는데 술김에 너무 속상해서 약간 울먹거리면서 내 속마음 다 말했었거든? 30분 정도 이야기 하니까 울지마라고 자기가 다시 한번 제대로 고민을 해본대 내가 고백한거에 대해서. 그래서 알겠다고 말하고 버스 같이 타고 연락하라고 했지 술 먹고 밤에 디엠도 나한테 먼저 보내고 다음날 아침에도 먼저 아침인사 해줬어 근데 기다리는동안 내가 어떻게 해주면 될까 오늘 저녁에 여사친 자취방에 여자3명이랑 나 남자1명 이렇게 놀러가는데 여자3명에 내가 고백했던 친구도 같이 있거든 뭐 어떻게 행동하면 좋을까? 그냥 평상시처럼 대해주는게 맞는걸까..? "
"565",934,"좆깨어공부ㄱㄱ","한없이 약한 좆밥민국에 태어난 너네의 기구한 운명을탓해라 좆깨어 모르면 인구청소 당할때 같이 간다 영어도 마찬가지 "
"566",935,"ESFP 친구들은 전화하는거 좋아해?","어떰 "
"567",938,"엣프피갤 들러보았다","안뇽~ "
"568",939,"안녕하세요 반갑습니다","         다들 현생사러 가느라 매니저도 부재중인 모습이 아주 인상적이네요 ㅎㅎ        "
"569",940,"esfp는 자유로운 사람이야?","이것저것 좀 억압했는데 자긴 자유를 갈망하는 여행자라며 답답하대 "
"570",941,"안녕 -ㅁ-ㅋ 오랜만에 왔는데 ㅋㅋㅋㅋ","엣프피 T 임-ㅁ-ㅋㅋㅋㅋㅋㅋㅋㅋㅋ많이 구경하다감"
"571",942,"Esfj 왔다감","ㅇ"
"572",943,"esfp 창녀 룸망주 ","ㄹㅇㅋㅋ "
"573",944,"엣프피갤에 엣프피는 한명도 없는거 실화냐?","인싸새기들은 다 밖으로 나갔대요~~"
"574",947,"엣프피친구 생일선물좀 골라줘....","뭐받았을때 가장 좋을것같아"
"575",948,"인프제인데 엣프피한테 고민상담(하소연) 해도 돼?","나 진짜 말 안하면 미쳐버릴 것 같아서... 주변에 친구라곤 인프피랑 엣프피밖에 없는데 둘 다 글 적을거야...고민상담 해도 되냐고... 예전에도 엣프피 친구한테 하소연 많이해서...ㅜㅜㅠ 너무 싫어하는건 아닐까?? 너네 엣프피들은 어떻게 생각해? "
"576",951,"인싸갤 구경하러 왔습니다","근데 정전이네 "
"577",952,"엣프피 고딩인데","이사와서 집주변에 아는 애도 없고 학교도 격주로 나가고 있어서 너무 힘들다 ㅠ 약속 잡고싶어도 코로나때문에 망설여짐 "
"578",953,"님들 e여자랑 i남자 연애 어떤거같음??","ㅈㄱㄴ "
"579",954,"ESFP인데 모쏠남인데","         생긴거 걍 보통인데평범한<U+00A0>여자는 성애 안차서<U+00A0>기회는 있었으나 연애 못해봄        "
"580",956,"잘자 얘드랑","         굿밤~        "
"581",960,"와 엣팁갤보다 리젠율 뒤진 갤러리 첨봄","글이 이틀에한번 올라오네 레전드다"
"582",964,"와 갤이 존재하는구나","동지들 ㅎㅇ"
"583",966,"여긴혼란스럽내","쩝"
"584",967,"ESFP 대가리 골빈거 개짜증난다","XNTJ 입장에서는 걍 모든게 다 지 좆논리임좆논리란 표현도 아까운게걍 지 주관임 모든게걍 지껄이는거 하나 같이 자기 기분전혀 객관적인 사실과 상관 없는 지 착각지 망상하.. 이런 새끼 내 밑에 들어오면자살하고 싶을때까지 갈군다."
"585",968,"ㅎㅇ",""
"586",969,"소개녀가 ESFP 공대녀인데 어떻게 접근해야댐","         첫만남은 원래 탐색전에 누구인지 알아보고 서로 알아가는 자리잖아근데 처음보는 유형이라 계획을 어떻게 잡아서 만나야할지 감이 도저히안온다        "
"587",970,"안녕안녕!!!!!!!!!!!!!!!","오늘하루 화이팅ㅇ들해라!!!!!"
"588",971,"INFP 남자 좋아하는 ESFP 여자ㅠㅠ","슬프게도 2년동안 짝사랑이야.... ㅠㅠ응원 좀 해줘 자신감이 없어ㅠ"
"589",972,"난 intp인데 너네도 카톡할 때 ㅋㅋㅋ3줄씩 쓰고 그러냐","내가 좀 낯도 많이 가리고 븅신같은데 esfp인 여사친이 한 명이 있거든 학교생활 때도 대놓고 나한테 찐따같은게 매력이라고 하는 애인데 가끔 카톡하면 ㅋㅋㅋ를 3줄-7줄 연타 때리는게 진짜 즐거워서 그런 거냐? 나는 걍웃기면 ㅋㅋㅋㅋ고 현웃으로 좀 피식하면 ㅋㅋㅋㅋㅋ임 ㅋ를 몇 줄 갈기는 건 1년에 한 두번 친구들 중에 누가 병신짓하면 그 때가 전부임 얘는 되게 발도 넓고 성격이 털털해서 인기도 많은 딱 esfp 너네도 그러니? "
"590",973,"00","0"
"591",974,"___","0"
"592",975,"___","0"
"593",976,"___","0"
"594",977,"___","0"
"595",978,"___","0"
"596",979,"___","0"
"597",980,"___","0"
"598",981,"엣팁에서 성격바뀜…ㅎ","- dc official App"
"599",982,"ISFP인데","         내 무의식속에 너희들이 존재 하는거 같아너희들 처럼 나대고 싶은데 내성적인 성격탓에 못 나댐ㅠisfp가 손오공이라면 esfp 오자루같은 느낌?        "
"600",983,"엄마아빠 mbti 검사 해봤는데 다 엣프피더라","근데 난 인프제야 동생은 인팁이고성격은 진짜 예측 못하는 건가"
"601",985,"엣프피 얘네랑 성격 안 맞는다는 애들은","진심 자신을 좀 돌아보고 반성하고 살아라사교성왕에 안 친해지는 사람 찾기가 더 힘든 얘네랑 못 섞인다?더 나아가서는 엣프피 쪽에서 먼저 손절을 친다?그건 99.99% 확률로 니 성격이 어망구뒤진 좆병신련이란 소리임자신을 반추하는 계기로 삼으셈 ㅇㅋ?"
"602",986,"esfp가 성격좋고 사교성있는데 갠적으론 노잼이더라","ㅇㅇ사교성 좋고 밝고잘노는건 인정인데갠적으로 나는 노잼이었음너무 활발하고 건전하게 잘논다는느낌...나랑 드립 코드가 잘안맞았음내친구 esfp는 응 ㅇㅇ하고~ 이런 인터넷 유행어도잘모르더라"
"603",987,"열시반 정후에서 esfp만 매칭되내","         esfp가 내운명인가..        "
"604",989,"얘들아 나 이젠 esfp가 아니야","Estp로 바뀜 ㅂㅇ"
"605",990,"잇프피였는데 올해는 엣프피됨","ㅇㅇ "
"606",991,"인싸들 ㅎㅇ 이상형 mbti 말해주고 가셈","         내<U+00A0>이상형 mbti는 ESFP, ISFP. 이성이던 동성이던 sfp가 잘 맞고, 이해 가장 잘 되더라. 제일 편하고 잘 맞음. 사교형, 성인군자형이 ㄹㅇ 갑임 인성이나 성격이나 사람이나  다른 엣프피들은 어때?? (아 그리고 이건 질문하곤 별개긴 한데.. n을 싫어하는건 아닌데 말이 통하는건 s 더라구!!ㅠ 그래서 친구는 s 굉장히 선호하는편! 근데 n 중에서 재미있는건 enfp! 좋아하는 유형은 enfj! 나 잘 챙겨주고 나 항상 괨찮은지 살펴주는 고마운 친구가 있는데 걔가 intp더라고?? isfp 인 줄 알았는데 놀람 ㄷㄷ 근데 걔가 팩폭할땐 확실히 논리적이고 이성적임 nt 계열맞음 ㅋㅋㅋㅋ intp 친구 정말 좋더라!! 근데 의외로 esfp 잘 챙겨주는게 istj isfj 보다 intp이더라 진짜 엄마같음 물론 그 친구만 그럴수도 있겠지만 ㅎㅎ 아 그 친구도 내가 가장 편하대 ㅎ 여기 처음인 엣프피인데 그래서 신나서 주구장창 tmi 늘어나 봤엉ㅋㅋㅋ)         "
"607",992,"esfp들 다 현실에서 놀고있음 ㅋㅋㅋㅋㅋㅋㅋㅋ","         나도 ㅎ 여기 처음 와봐 신기해서 올려 옆동네 enfp들은 겁나 활발히 활동하고 많던데,, 여기는 조~~~~용 ㄷ 아무도 없곸엣프피 이런 씹인싸들같으니ㅋㅋㅋㅋㅋㅋㅋㅋㅋㅋ 이 늦은 시간에도 어디서 다들 놀고있겠지,,,,,        "
"608",993,"혹시 너네도 외로운거 젤 싫어하냐","         나 진심 혼자 잠깐이라도 있어도 외로움 느낌. 외로운거 진짜 싫어하고 심지어 우울증 걸릴것 같음 ㅠ<U+00A0> 항상 늘 내가 좋아하는 사람들이나 친구들한테 둘러싸여 있거나 누군가와 같이 있어야 된다고 느낌.<U+00A0>이런 점에서 확실히 esfp, enfp 가 다른듯. 엣프피는 혼자 있는 시간 안 필요하고 오히려 극한의<U+00A0>외로움 느낌<U+00A0>ㅠㅅㅠ너네도 혹시 혼자 있으면 외로움 바로 드냐공감도 좋구 의견도 좋고 댓글 ㄱㄱ         "
"609",994,"나 esfp 인데 각 잡고 상상 하려고 해도 못 함","         s형이라 그런가..? 몽상은 해 본적도 없고 오히려 상상 해보려 해도 안되더라고?? 상상력이 없는건 아니고 상상을 하더라도 현실을 가정한 상상을 해. 근데 진짜 상상의 나래 펼칠라고 하면 전개 자체가 안되더랔 ㅋㅋㅋ 나 진심 s 80이라 그럼,,?? 이정도면 심각 ㅋㅋㅋㅋㅋ n들이 이 글 보면 경악하겠군 ㅋㅋㅋㅋㅋㅋㅋㅋㅋㅋㅋㅋㅋ        "
"610",995,"코로나 시발련때매 못노네","좆같은련아 니가 뭔데 날막냐"
"611",997,"여기엔 진짜 엣프피들이 없네","나무위키보다 넘어왔는데 진짜로 엣프피들은 없고다른 유형들와서 엣프피 대가리 비었다고 까는 글만 오지게많네 ㅋㅋㅋㅋㅋㅋㅋ 개웃김ㅋㅋㅋㅋㅋㅋㅋㅋ 나도 esfp 이제 다봤으니 놀러나가겠삼 ㅂ2"
"612",998,"홍보좀할게요ㅎㅎㅎ","여자랑 통화하고 싶은데 기회가 없다나는 말 잘하는데 만날 사람이 없다내가 목소리가 좋다커넥팅이라는 어플 다운받고 여자친구 만들어봐요초대코드 입력하고 통화권이랑 추가 다이아도 받아가세요초대코드 BE1XXQI"
"613",999,"ㅎㅇ ISTJ 중딩인데 좋아하는 여자애가 생겨따","MBTI 물어보니 ESFP라고 하더라  걔 올해 처음봤는데 너무 귀여워  어떻게하면 다가갈수 있을까 "
"614",1000,"엣프피는 존재할까?","미지의 유형"
"615",1003,"타 유형이 보기에 ESFP 어때??","궁그매 아 그리거 댓글 달 때 자기 어떤 유형인지 적어조 ㅎㅎ"
"616",1004,"Istj Isfj랑 잘 맞아??","난 ㅇㅇ 아직 만나보진 못했는데 연인으론 istj 친구로는 isfj랑 더 잘 맞을듯 ㅎㅎ"
"617",1005,"엣프피가 본 타 유형","팩폭도 있으니 재밌게 읽어주세용 ㅎㅎㅎㅎIntj- 이해 할 수 없고 좋은 의미로 신기함. 겁나 지적이고 분석력 쩔것 같음. 부정적으로 생각하는 편이 많이 있는것 처럼 보임. 계획을 가장 잘 지킬 것 같음. 조용하고 참신한 아이디어 잘 낼것 같고 창의력이 좋을 것 같다. 배울 점 많은 사람이라고 생각함. N 유형 중 유일하게 현실성 없는 상상이나 망상 안 할것 같음. 지적인 이미지 땜에 그런가? 연인으로 만나면 겁나 안 맞거나 겁나 환상적일듯.Infj- 사실 속을 가장 모르겠음. 매우 이상적이고 가능성 중시하는듯. J 중 가장 즉흥적인 만남 싫어하는듯. 마음의 도어락 잘 걸음(경험). 끈기 갑, 실행력 갑임. 망상 걱정 많아보임. 심지어 오래가는것같음. 혼자있는 시간을 좋아하고 에너지 충전 할듯. 고민 받아주는거나 들어주는거 잘함. 매우 내향일것 같음.Enfj- 다정하고 열정적인거 너무 좋음.N중 가장 잘 맞을것 같은 유형임. 밝고 사람 좋아하는 댕댕이 같음. 먼가 유형들 중 가장 정의로울 것 같은 환상이 있음 ㅋㅋ 친절하고 잘 도와줌. 상상 이상으로 시끄럽고 외향적임. 효율적이 약하고 비판에 약해 보임.Estj- 잘 맞으면서도 가끔 상처줄 것 같음ㅋㅋㅋ 사교적이란거 보단 겁나 말 많고 겁나 외향임. 인생 살 때 자기 자신에게 가장 도움될 듯. 사업 가장 잘 할것 같은 유형. 전혀 상처 안 받게 보임. 완벽하 보이지만 은근 덜렁거리고 자기 주장이 가장 강한 유형인듯. 사실적 구체적이며 추상적인거에 약함. 나랑 달리 감정 동요 없고 감정적이지 않은게 부러움Estp- 엣프피랑 놀 때 정말 잘 맞을 듯. 취미랑 여행 겁나 공통점일 것고 정말 손 발 척척 잘 맞고 말도 잘 통하고 편함. 먼가 esfp랑 비슷해서 그런 듯. 성격 좋고 쿨한듯. T 유형인데 t 유형 중 가장 덜 논리적일 것 같음ㅋㅋㅋ 상처 마찬가지로 안 받게 생겼고 고민 없는거 같아서 신기. 쿨하고 이성적인게 부러움Isfj- 궁합표로 보면 가장 최상의 유형. 젤 잘맞을 것같다. 거절 못하지만 이익 따져가며 행동함. 신뢰 가장 잘 갈것 같음. 신중하게 이야기 잘 들어줌. 그리고 진짜 가장 배려 잘해줄것 같은 환상이 있음ㅎㅎ 외향적일것 같지 않은데 내향 중 가장 외향인 유형이라고 해서 가장 외향인 esfp랑 잘 맞는듯? 합리적이고 지적임. 친구로 가장 잘 맞을 1위 유형임. 세세하고 차분하고 계획적이라 서로 상호보완 굿. 예민한거 빼면 ㄹㅇ 너무 좋은 유형Enfp- ㅋㅋㅋㅋㅋㅋㅋㅋㅋㅋㅋ 그냥 비슷하고 개좋음. N 성향만 빼면 그냥 쌍둥이인듯 ㅋㅋㅋㅋㅋㅋㅋ 드립력이 상상 그 이상이라 매일 놀람. 그런 드립은 어디서 가져오는지 참 신기함. Intj랑 Entp과 가장 잘 맞을듯. 공감 잘해줘서 좋고 리액션 커서 좋음. 일상생활 배려 진짜 잘해줌. 착함. Esfp랑 차이점은 집 들어가서 충전한다던데 그점이 의외임. 아 카톡 안읽씹 하는건 싫음.Isfp- 갠적으로 연인일 때 먼가 istj isfj 보다 더 편함. Sfp가 같아서 그런지 행동 말 등 이해 가장 잘 감. 젤 좋아하는 유형. 잘 놀지만 우리와 차이점은 금방 지치고 기 빨려하는듯? 부끄러움 탐. 속 깊고 성인군자 ㅇㅈ. 착함. 착함. 착함. 좋음. 온순하고 성격 가장 친절하고 착한듯. 개인적으로 가장 편한 유형임. 가장 귀찮이즘이 심한 유형으로 알고 있음ㅋㅋ 이것만 고치면 놀러갈때 진짜 완벽할듯 ㅋㅋㅋㅋEntj- 내 기준 가장 완벽주의자. 외향적이고 통제 잘 함. 가장 논리적인듯. 먼가 ntj라서 잘 안 맞을 것 같은데 외향적이라는 공통점 때문에 잘 맞는듯? 리드력 있고 너무 지배적인거 빼곤 조율하면 괜찮을것같음.<U+00A0><U+00A0>얘네랑 싸우면 가장 골치아플듯......... ㅋㅋㅋㅋIntp- 논리적이고 분석적이고 겁나 팩폭 잘함. 엉뚱한 짓 좋아하는듯ㅋ Nt인데도 nf만큼 터무니없는 상상 하는거 보고 놀람.. 굉장히 조용한 유형임. Intj다음으로 조용할 듯. 얘네도 착함. 주관적이지만 은근 친구관계에서 esfp랑 잘 맞는듯. 혼자 있는걸 좋아하는듯?ㅎㅎIstj- 먼가 성격이 달라서 안 맞을것 같은데 연인관계에서 가장 상호보완 잘 되고 궁합 좋을것 같음. 친구로는 잘 모르겠지만 그래도 만나면 서로 잘 맞을것 같다ㅎ 이들은 효율 굉장히 중시하는것 같고 매우매우 계획적임. 현실적 이성적 계획적 와우 여기서 감탄함. 세상완벽.Esfj- 긍정적임. esfp와 가장 비슷하고 공통점 젤 많을 것 같음.<U+00A0><U+00A0>나름 논리적이고 합리적인 생각 함. 관대하고 주변인들 잘 챙겨주는 듯. 리더 잘 할것 같음. J이지만 의외로 즉흥적인 면도 많이 있음. 흠 잡을 때 없는 유형. 매우 외향적인 유형 답게 인싸임ㅎ 밖에 항상 있는듯Infp- 망상 가장 심할 것 같은 유형.. 이건 젤 안 맞을 것 같음. 내향적임. 나서는거 못하고 자기 주장 잘 못하는듯. 모든 유형 중 젤 이상적이고 현실적인 면이 가장 없을것 같음. 다른 세계 사람들 같음 ㅋㅋㅋ 부정적인 사람들이 은근 이 유형이라 놀람. 하지만 난 편견없어서 다른infp 들은 순하고 괜찮을 것 같다Istp- 이 유형 자체가 가장 츤데레에 가까운 듯. 공감능력 캐바캐임. T지만 nt처럼 분석 하기 보단 상상을 해봐서 이해하려고 하는듯. 매우 매우 매우 효율 중시하고 이성적임. 마이웨이 많을것 같은 유형임. 자기 주장 잘 펼침. 속앓이는 안 할듯. 같은 Sp라 그런지 갠적으로 잘 통하고 편함. 은근 귀찮이즘 있음ㅋㅋ 카톡 할 때 이어나가려고 잘 안해서 내가 이끌어야하는 유형ㅎ Entp- ㅋㅋㅋㅋㅋㅋㅋㅋㅋㅋ이 유형 웃김. 엔팁 먼가 엣프피랑 잘 어울린다 생각함. 둘이 같은 편일 땐 안심됨 ㅋㅋㅋㅋㅋㅋㅋ 잘 놀고 4차원적도 있는것 같고 또라이임. 엔프피처럼 드립 잘 침. 머리 팽팽 잘 돌아가는듯. 잘 놀고 이의 제기 잘 할것 처럼 보임ㅋ나쁜남자 이미지의 유형ㅎㅎ 이기적인것만 빼곤 좋음Esfp- 인싸유형. 매력적이고 이들도 자신이 매력적인거 앎ㅎ 사교성 갑. 사고력은 글쎄. ^^ 가장 에너자이저이고 외향이지만 나설 때 안 나설 때 구분 함. 참 밝고 순수하고 착하고 친절하고 따뜻한 엣프피들! 가장 단순한 유형 같음. 생각보다 속 깊음. 상처도 나름 잘 받지만 최대 3일 감 ㅋㅋㅋㅋㅋㅋ 뒷끝 없고 핫하고 정의롭고 의리쩔고 내 기준 가장 친구로 두면 행복하고 좋을 유형임. 현실적이고 감정적이어서 위로할 때 공감 조언 둘다 잘 해줘서 좋음. 같은 유형인데 너무 잘 맞고 (특히 놀때), 애인도 이 유형이었음 좋겠음. 연애 할 때 모든 유형 중 가장 설렐듯."
"618",1006,"esfp 애들아 이것좀 봐줘라","하..일단 내 동생인데 몇십년간 추정해본 결과 esfp인게 맞는거 같다힙합 랩 좋아하는데 이 새끼 경력을 보자면웹툰이랑 아는 형들보고 멋있어보여서 일진 놀이시작경찰 자주 감 근데 자기딴엔 멋있어보이나봄 후회 없음그러더니 기타보고 멋있다고 중학교때 기타 2주일 다니고 때려침대도시가서 버스킹 시작 그것도 재미붙여서 몇 달하더니 이내 때려침고딩때 사고쳐서 전학감 거기가서도 생각 못차리고이태원 클라스 드라마 나오기도전에 웹툰으로 멋있다고요리배운다고 2주일 다니고 사실상 드문드문 다님 개 ㅈ같은 자기 요리보고 잘하고 멋있다는 근자감에 쩔여있음그러더니 요리할거다라고 나대더니 여자 많을거 같은 전문대에 감왜갓냐고 물어보니 재밌을거 같아서그러더니 2달 다니고 자퇴함그리고 여자애랑 싸웟는지 뭔지 모르겠는데 군대로 도망침군대가더니? 대학 다니더니 랩 힙합 ㅈ간지 난다고 쇼미더머니 간다고나댐 개시발 그러더니 전역후에 왤케 안반겨주냐고 존나 화냄아.. 그러더니 급발진 욕하고 화내더니 울어버림 시발 감정과잉새끼군대가서 기분 ㅈ같을때마다 마편 썻다고 자랑함군다가서도 철 안듬개시발 entj 7 / estj3 나오는 나로서는 도저히 이해못함이 새끼 어떻게 해야 사람 만들수 있는거냐물론 나도 형이라서 몇번 이야기 해봤지만 도저히 말로 안되고f유형 아빠와 엄마는 시발 이 새끼랑 코드가 맞는지훈육은 시키되 때리는 척만해도 나한테 뭐라함 ㅋㅋ 시발 ㅋㅋ"
"619",1007,"엣프피가 쌩까면 못깔줄아냐","잘가라"
"620",1008,"여기갤 왜이리 조용함 ㅠㅠ ㅋㅋ","         타유형이고 연애상담하러왔더니 너무 조용하네...        "
"621",1009,"난 엣팁 진짜 mbti로만 봤을 때 ","이상적으로 가장 esfp랑 잘 맞다고 봄. 내향 중 특히 많던데 삐지는 사람이나 예민한 사람 극혐하거든..<U+00A0><U+00A0>엣팁 예민하지도 않고 삐지는 사람 싫어하니 서로 ㄹㅇ 진국임 ㄹㅇ 잘 맞을듯.<U+00A0><U+00A0>거기다 Es_p 같아서 진짜 이해 서로 잘 되고 잘 맞는데 f,t 달라서 상호 보완 가능하다고 봄. 진짜 가끔 감정적일때 얘넨 t라 이성적이고 객관적인 판단 가능할거아냐 도움 될듯. Estp도 esfp 들이 말 잘 들어주고 공감 잘해줘서 좋아할것같구 그냥 서로 완벽한 한 쌍이라고 본다. 성격적인 면에서도 estp 진짜 쿨해서 좋음. 뒷끝 없고 진짜 엣프피에겐 이렇게 완벽할 수가 없음.ㄹㅇ 궁합표 다 저리가라고 esfp랑 최고궁합 : ESTP, ISFP, ESFP. 이 셋과 있으면 말 가장 젤 잘 통하고 가장 이해 잘 가더라,, "
"622",1010,"절친 엣프피 손절침","         그냥 처음 만났을때부터 성격자체가 엄청 외향적인것빼고 정반대여서며칠지내다가 끝날 친구관계겠지했어.걔가 원래 소문때문에 친구가 없어.근데 나는 그런거 딱히 신경안써서 친구해줬는데 계속 붙는거야.그건 그거 나름대로 좋았어서 관종끼하고 겁나 외향적인거 하나로 절친까지 갔는데, 시간 지날수록 내가 너무 빡치는거야.나는 이제 학용품같은것도 다 걔랑 맞추고 남 성격 맞춰주는게 내가 젤 잘하는거라 잘 지냈었는데,그렇게 친해지니까 걔를 위해서 친구를 좀 더 많들려면 성격에 대해 지적해주고 표정관리에 대해서도 지적해줬어<U+00A0>근데 그거갖고 겁나 울면서 내 말 하나도 안듣고 그래도 힘들어 이러고...근데 이게 한두번이 아니란말야.그래서 내가 너무 짜증나고 얘랑 더 이상 친구하면내가 될 일도 안되고 더 힘들어질것같아서그냥 손절했어근데 좀 힘들다. 원래 친했으니까.그냥 친한게 아니라 향수, 필기구, 신발, 옷, 머리끈..그냥 거의 모든것을 걔랑 맞추고 다녔었는데내가 먼저 손절치긴했어도이게 최선이었나 싶기도 하고..나는 친구 많진 않지만 그래도 깊은관계에 내편인 10명정도 있거든.걔네한테 위로받아서 나아진것도 같아.걔는 걔 나름대로 남자애들 중에 친해진애들 꽤 있으니까걔네한테 위로받겠지근데<U+00A0>걔는 지금 내 생각은 할까 당연히 하겠지.나에대해 무슨 생각을 할까걔는...하....        "
"623",1011,"악무 수현이 엣프피라던데","         요새 독립만세에 이수현 나오는데.. 전혀 외향같지 않음 아무래도 내향처럼 보이는데        "
"624",1012,"혈액형",""
"625",1013,"나 esfp인데","이런 갤도 있네... 요기 엣프피덜 많냐 컄ㅋ캬ㅑㅋ"
"626",1014,"너네 쿨한척좀 하지마 애잔해보여ㅋㅋㅋ","쫄보인거 마음불안정한거다티남... 실없이 허허허허ㅋㅋㅋㅋㅋ 웃어봤자걍 애잔해보여 "
"627",1015,"엣프피갤은 진짜 조용하내","옆 인프피 갤은 진짜 활발하던데.. 나 빼고 엣프피들 다 인싼가봐 "
"628",1016,"학교엣프피여고생","가슴 비비기 멈춰!전 다른 분과 썸타고 싶어요.."
"629",1017,"엣프피여러분","isfj 어때요 "
"630",1019,"연애에 있어서 ESFP는 모순의 결정체 느낌임","썸탈때 등등 상대가 애매하게 구는거 존나 싫어함근데 막상 애매하게 굴지 않고 자기 확실하게 좋다 하면 괜히 일단 철벽부터 존나 치고 봄정작 ESFP가 먼저 사랑에 빠지는 경우는 상대가 애매하게 나올 경우임또, 상대가 대시했을때 맘에 드는 사람이랑 맘에 안드는 사람이 나뉘는데맘에 드는 사람이 계속 확실하게 좋다 하면 철벽을 치다가도 결국 받아주지만맘에 안드는 사람이 확고하게 대쉬하면정이 많아서 쉽게 거절 안하고 계속 받아줌차단같은거 절대 안함덕분에 주변에 이성 존나 많음<U+00A0>다 어장 ㅇㅇ애매하게 구는걸 존나 싫어하면서도 좋아하고, 실제로 누구보다도 애매한 행동을 자주하는 유형이 ESFP"
"631",1020,"잔소리 존나싫어하던 esfp 썸남 모순인썰ㅋㅋㅋ","밑글보다 생각나서 쓰는데esfp 썸남 성격 개이상했음내가 썸탈때 담배 피지마 단호하게 이야기한것도아니고 담배펴? 안좋지않아? 라고 말했는데존나 말길게 하면서요즘다핀다 어쩐다 스트레스받는데 어쩔수없다주절주절 변명 늘어놓는데난 그말에 더스트레스.....걍 ㅋㅋ쿨하게 안필게 한마디 하면 좋게 끝날것을잔소리나 통제를 병적으로 싫어하는 느낌이들었음그래서 하루는친구만나고 술마시고 있다길래또 잔소리 하면 싫어할것같아서그래 재밌게놀아 라고 했는데자기한테 관심이 없니마니 자기가 술마시고 담배펴도상관없다 이거지?순간 미친새낀가 싶어서 차단박고 (진짜 무서웠음)썸끊음"
"632",1021,"난 첫사랑 이후로 아무도 못 만나고있음","나를 소개하자면  외모도 별로고 공부도 그다지 잘하진 않음  친구들중에 타인한테 딱히 관심없고 의욕크게없이 사는애  그게 나였음  부모님도 이혼하시고 어렷을때부터 아빠손에서 길렀는데 폭행을 심하게 당하고 이복동생도 있고 엄마는 재혼 아빠도 새엄마와 재혼후 이복동생들만 챙겨주고 사랑받고싶은 마음이 컸음 현재는 대학교 졸업하고 개발자로 살고있고  지금 친구도 없고 애인도 없음 여기에는 이유가 있는데 초등학교 5학년때부터 짝사랑한 애가 있었어 친구관계 깨고싶지 않아서 중학교때까지 부랄친구 처럼 지내다가 중학교때 졸업할때 고백했지 어차피 멀어지니까 얘가 첫사랑이고 얘 이후로 누구 좋아해본적은 없는듯 그때 당시에 차였다가 고1때 갑자기 페북으로 연락오더니  오랜만에 만났어 잊은줄 알았는데 더 이뻐지고 더 두근거리더라 얘랑 밥먹고 하다가 얘가 예전에 자기 왜 좋아했냐 물어봐서  그냥 이유 말하니까 자기랑 사귈래 물어봐서 나는 너무 좋았지 한 4개월인가 살맛나더라 해줄수있는건 다해주고싶더라  이때 내가 미쳤는지는 몰라도 내 상처를 전부 이야기 해줬음 친구나 심지어 부모한테도 안보여준것들 전부  얘는 들어주고 안아주고 나는 거기서 울고 그때부터 무언가 잘못됬던거 같음 고2~고3 까지 진짜 시달렸음 얘도 집상태가 좋지않아서 감정쓰레기통처럼 살고  맨날 챙겨주고 막대하고 가끔 내 상처 드러내면서 내 자존감 깍아먹고 내 주관이 사라진 느낌 이걸 가스라이팅이라 하나 식당이나 이런건 내가 다 내는건 괜찮았는데 내가 제일 좋아하는사람이 나를 막대한다는게 슬프더라 그러다 고등학교 졸업하고 차임  이유는 뭐 내가 못나서 그렇겠지 하고 하루종일 운듯 그러다가 20살 12월인가? 갑자기 술먹고 전화오더라  나 진짜 호구새끼인지 인지 전화오자마자 달려갔음 그러고는 예전에 자기가 날 찬 이유가  니 애정결핍때매 지치고 부담스러웠다고 이야기 해주는데 나랑 연애하면서 그거때매 너한테 화풀이 하고 했는데  나 차고 나서 자기도 괴롭다 하더라  그때 내가 미안하다 그러고 다시 사귀게 됬어  한 2개월 뒤인가 근데 얘 자기 수능봐서 한의대 가고싶다고 해서 얘는 그때당시에 사울 하위권 대학이거든 근데 얘가 돈이 없자나 그래서 서포트 해줬음  재수학원 비용 달에 200인가? 돈도 빌려주고 책값 이런거 때문에 한학기 휴학하고 알바하면서 돈 지원 해줬음 솔직히 안갚아도 상관없었음 가끔 일요일에 나와서 만나고 너무 좋았으니까 결국 수능봐서 한의대 붙고  그때 1년이 제일 행복했던거같음 내 인생에서  친구고 뭐고 나보다 얘를 더 사랑할때라서 모든걸 다해줬지  한의대 입학하고 어느순간부터 옛날처럼  나를 막 대하기 시작하더라  근데 그때 얘는 한의대생이고 나는 솔직히 별볼일 없는 사람이라 버려질까봐 무서워서 그냥 사과했다 전부 매일매일이 무서웠음 내가 얘한테 실수하지 않을까 애가 나를 더이상 사랑하지 않으면 어쩌지 그때부터 불안장애랑 공황장애 진단받고 걍 내 모든걸 얘한테 의지함  그러다가 우연찮게 중학교 애들하고 술자리를 가지게  됬는데  얘가 술먹고 나한테 평소처럼 막대하더라 얘가 편의점 가서 딸기우유좀 사오라 하는데 알았다고 하니까  갑자기 어이없는 표정짓더니 나한테 폰 던지더라  갑자기 울면서 나한테 폭언을 쏟았는데 그때 딱 그말이 기억나더라  ""니가 니 애미애비 한테 버려지고 사랑구걸을 왜 나한테 하냐 내가 못된게 아니라 니가 글러먹은거야 병신 고아새끼야"" 내 사정 이야기하면서 말하는데 저 마디 뒤로 호구,병신 어쩌고 말했는데 귀에서 삐 소리들리면서 아무것도 안들리고 눈물나더라  결국 거기서 도망치고 공황장애하고 불안장애 너무 심해져 환청하고 환각도 보일정도였음 한동안 폐인으로 지낸듯 괴롭고 힘들고 그러다기보다는 추욱 처지고 무엇도 생각나지 않았음  다음날 연락왔는데 무서워서 차단하고  고시원으로 이사갔음  그리고 대학졸업하고 취업한 지금까지  나는 사람을 못만나고 있음 친구도 연인도 이유는 2가지인데  그 아이가 말한것처럼 나라는 사람이 너무나도 무서워서  그 아이처럼 내가 나도 모르게 타인에게 불행을 뿌리는 사람일까봐<U+00A0> 사랑받기엔 나는 너무 아니였던거지  두번째는 사람자체가 무섭더라 만나는것도 상처받는것도 상처주는것도 "
"633",1022,"님들 급합 ESFP한테 고백 어케해야됨","         안녕나 ISFJ 남자인데오늘 삼프터로 ESFP 상대방 만나!!!!!!!고백할라하는데 어케해야됨 진짜팁좀 줄수 있을까???????        "
"634",1023,"저녁메뉴","         추천좀        "
"635",1024,"엣프피 일반화에 대해서 말해봄","본인 Esfp임. 깊고 안정된 연애 어려워 한다?→ 이거 진심 짜증남. 가장 큰 일반화인것 같은데 ㅋㅋ 나 만큼 일편단심이고 안정된 연애 하는 사람 없음. 오히려 내 전남친 infj였는데 걔가 나랑 반대로 어장 심했고 안정된 연애 싫어했고 바람폈음. 사람 나름.멍청함? → 이걸 믿는 사람은 얼마나 멍청한거냐<U+00A0><U+00A0>mbti랑 상관없이 그 사람 나름인거지ㅋㅋ 난 똑똑함.가장 인싸 유형? → 부정은 안 함 ㅋ 근데 가장 인싸는 Enfp라 생각함.드립을 잘 침. Esfp도 맞긴 한데 좀 더 구체적으론<U+00A0><U+00A0>esfp는 사교성와 대인관계에 가장 특출난 유형 같음. 계획적이지 못 함?→ 이건 98퍼 맞음. 나머지 2퍼는 여행갈 때와 연애할 때. 그 두 가진 계획 짜서 움직임. 다만 여행 혼자갈 땐 무계획이고 즉흥적임. 남이랑 같이 가면 절대 안 그렇고 계획짬ㅇㅇ논리적이지 못하다? → 대부분이 그런건 맞는듯. 근데 난 X. 논리 따지면 나 이기는 사람 못 봤음. Intj 급임.파티피플? →조온나 파티피플임. 우리랑 비슷한 Enfp는 이런 면에서 보면 ㄹㅇ 외향인 유형 중 가장 내향 맞는듯(주관적)적극적이고 외향적이다?→ 그렇게 보일 뿐 소심할 땐 진짜 조용하고 내향처럼 소심하게 됨. 근데 인생의 95퍼가 적극적이고 외향적 맞음.약속 시간 개념 없다?→ 인정. 근데 나는 놀 때만큼은 약속 시간 안 지키는 사람 보면 화나더라 ㅋㅋㅋㅋㅋ infj친구가 있는데 걔랑 약속 잡으면 내가 먼저 나가서 기다리고 걔가 2분 항상 늦음. 가장 단순한 유형→ 이건 100퍼 인정반대로 좋게 따지면 16개 유형 중 ESFP가 가장 인생 즐겁게 사는듯 ㅋㅋㅋㅋㅋㅋ +성격 가장 밝고 좋은 유형♡"
"636",1026,"엣프피가 지능이 낮다는 편견에 대해서 말해봄","근데 편견이 뭐냐  장난이고 나말고 다른 엣프피는 몰라서 내 경우만 말해보자면 머리쓸 일이 생기면  이해해야겠다고 딱 꽂힌 일이 아닌 이상 그냥 생각하기 귀찮아서 넘겨버림 "
"637",1031,"나한테 야단을 치네? 어열받네?","엣프피들 특징이노ㅋㅋㅋㅋ정준하도 esfp 인가봄"
"638",1035,"esfp 여성분은 연하 어떻게 생각함요","         내가 남자 서른인데 상대방이 서른하나임 ㅇㅇ대체적으로 연하 안좋아하나요?        "
"639",1036,"글좀 써 시발","심심해 "
"640",1037,"이거 변할수도있냐? 저번엔 esfp였는데 이번엔 estp나오노","         내ㅔ가 변한거냐?        "
"641",1039,"오늘 날씨 너무 좋다","산책하기 딱 좋은 날씨  "
"642",1040,"내 마인드셋은 소신있고 칼같은데 ","사람은 말랑말랑 우유부단해서 아이러니가 생김 "
"643",1041,"포켓몬 - 빛나","         이 아이 esfp 아님 enfp 느낌인데 여러분들 생각은 어떰??        "
"644",1042,"잇프피인데 엣프피 사랑함","성격이 쥐랄맞아서 너무 혼자 떠드는 얘도 너무 조용한 얘도 불편한데 (싫다는거 아님)말 많지도 않고 적지도 않아서 유일하게 편하게 대할 수 있는 타입임착하고 잘 맞춰주고 장벽도 낮아서 장난치는데 불편하지도 않음자기 썰로 뇌절하지도 않음사랑한다"
"645",1043,"나 원래 엣팁이었는데 엣프피됐어","근데 공감 능력 좋아진지는 모르겠고 남 눈치를 더 많이보고 남 입장에서 생각을 많이 하는듯... 원래는 걍 남 생각이고 뭐고 불도저 같이 앞만 보고 살았음 솔직히 말하면 난 엣프피보다 엣팁이 더 살기 좋은 성격인것같아서 내가 변한게 좋지만은 않아... 쨌든 더 사랑받고 관심받는 인생을 살고싶다 항상 외로워 "
"646",1044,"너네 혹시 닌텐도 좋아함..? 엣프피한테 선물하려는데","엣프피는 나가서 노는거만 좋아하는줄 알앗는데스마트폰으로 둘이 같이 보드 게임하는거 좋아하더라그래서 혹시 닌텐도도 좋아하지 않을까 싶은데 ..(보드게임은 그냥 나랑 같이 해서 좋아하는건가 싶기도 함)내가 요즘 바빠서 여친이랑 놀시간이 없어 괜히 미안하기도 하고 이번에 주식으로 꽤 번게 있어서<U+00A0>근사한데서 밥 한끼 할까 하다가<U+00A0>이 돈으로 그냥 닌텐도 사주는게 어떨까 하는데 어떰?깜짝선물로 주고싶어서 물어보는건 좀 그래"
"647",1045,"엣프피남 들아 궁금한거있어","말수 많이 없고 얌전하고 생각 깊고 신중하고 남 얘기잘들어주는 여자애(공감은딱히)랑은 안맞아? 최근 연락하는 남자애가있는데 얘가 말많고 다정하고 나보고 귀엽고웃기대서(사실머가웃긴건진 모름) 맘에드는데 내가 너무 닥치고있어서 노잼인가 싶네. 걍 얌전한 스타일은 별로지?"
"648",1047,"귀멸의 칼날 애니 2기에는 esfp 음주 우즈이 텐겐이 메인으로 나옵니다","올해 방영합니다 "
"649",1048,"너네는 짱친,평친 mbti 뭐임?","짱친, 평친들 mbti보니까 나랑 3개 이상이 같더라. 대박임.Enfp,Esfp,Isfp다 fp"
"650",1051,"엔프피가 친구로 가장 잘 맞더라","Enfp 엄청 나랑 비슷한데 또 다름. 나도 배려 엄청 잘 해주는 편인데 엔프피 친구는 나보다 더한 배려를 해줌. 엣프피랑 엔프피 가장 이상적 친구관계인듯"
"651",1053,"만나고 싶은 이성 mbti 뭐임","나는 ISTJ, ISFP."
"652",1055,"Istp 하 사람 미치게하는 뭔가가 있음","잇팁 좋다가 싫다가 하 완전 사람 미치게 함ㅋㅋ엣프피 겁나 잘 다루네? 잇팁 잇티제랑은 또 다름.반대로 잇티제는 츤데레고 사람 마음 왔다갔다 안 하게 꾸준함을 줘서 나는 잇티제가 더 좋타"
"653",1056,"엣프피는 연하 연상보단 동갑임.","엣프피인데 연인관계일때 동갑이 가장 좋지 않음?? 가장 편하잖아 ㅇㅈ?"
"654",1057,"유튭에서 긁어모은 mbti 자료들 1",""
"655",1065,"엣프피녀 만나는 남자 연애상담 해줄분","구합니다,, 오카방 파주세요"
"656",1066,"난 항상 esfp하면 비스티보이즈 하정우가 떠오른다","호빠창남ㅋㅋㅋ생각없이 오늘만 살고아가리 잘터는 유형"
"657",1067,"나무위키에 엣프피  일반적인특징이 없네","         왜 없지?        "
"658",1068,"ㅎㅇ 다 다른데 궁합 좋다는 intj야","         놀러왔어esfp를 만나본 적이 없는데무슨생각하고 뭐하면서 살아?        "
"659",1071,"Esfp 대화","이거 이해가?"
"660",1072,"아니 시발 왜 글이 없냐고","왜!!!! "
"661",1074,"엣프피 우울할때는 어떻게 위로해줌?","엣프피도 나름 인간관계에서 스트레스 받고 힘들어하는거 많던데그냥힘들었겠네 하면서 공감해주면 됨?"
"662",1075,"esfp 놀러왔습니다",""
"663",1076,"esfp는 다른 mbti에 비해 커뮤 출몰 빈도 엄청 낮음","바람직하다 "
"664",1077,"esfp도 누굴 진심으로 좋아해본적 있음?","전부 사람 가지고 놀거나찔러보기 가볍게 만나는거 아님?너네가 진심으로 누굴 좋아해본적 있음?하긴 진심으로 좋아하면 이유형이겠냐ㅉㅉ"
"665",1078,"엣프피는 다 예체능쪽인가??","공부 머리는 안되잖아 ㄹㅇ"
"666",1079,"엣프피가 성격 좋다는건 잘모를때 하는 소리 아님?","친화력 좋은건 인정근데 대부분 열등감 엄청 심하던데"
"667",1082,"ESFP 좋아한다고한 ISTJ 중딩인데","https://m.dcinside.com/board/esfp/999 하 ㅅㅂ 오늘 전학간다고한다 그소식 엊그제 들었는데 미치겠다  ㅅㅂ내 첫사랑인데ㅠㅠㅠㅠㅠㅠㅠㅠㅠㅠㅠㅠㅠㅠㅠㅠㅠㅠㅠㅠㅠㅠㅠㅠㅠㅠㅠㅠㅠㅠㅠㅠㅠㅠㅠㅠㅠㅠㅠㅠ "
"668",1083,"Esfp 없다고? 뭐좀 물어볼랬더니","별건 아니고 나한테 까칠하게 구는 애랑 놀때가 제일 재밌지 않음?"
"669",1084,"결국 걔는 갔음","ㅇㅇ.......... 너랑 제대로 된 대화 한번도 못나눴지만 정말 예쁘고 귀여웠어 비록 내가 너를 좋아한다는 것을 알아챈건 한달동안이었고 2주동안은 온라인이었지만 온라인에서니 목소리만 들어도 좋았어 거기서도 잘지내 안녕 "
"670",1085,"아니 뭔가 성격이 좀 달라진 것 같아서 다시 해봤늨데",""
"671",1086,"어 저 개새끼가 내기록잡았다고?","밤샛다고한다"
"672",1087,"ISFP는 ESFP mbti글보고 병신들ㅋㅋ이라고 생각함","Isfp는 esfp mbti모음글보고 병신들이라 생각함ㅋㅋㅋ뭐저런 병신들이 다있지ㅋㅋㅋ 라면서근데 정작 isfp도 누워만있는 ㅂㅅ들임ㅋㅋ근데 이게 서로 찐친 친구 놀리는 장난식이고 막상 누가 esfp보고 뭐라하면 기분안좋음 같은 sfp 동족이라 그런가흑인이 흑인보고 서로 니거라고 하면서 낄낄대는거하고 비슷한듯그리고 isfp 하고 esfp들은 서로 주위에 있는거 좋아함ㅋㅋ"
"673",1088,"ㅋㅋ","         ㅋㅋ        "
"674",1090,"이런곳에 사람이 살고있다는게 참 신기해요 ",""
"675",1091,"씹프피새끼들이 나를 너무 좋아함","근데 너무 안맞아서 극혐하게됐어 대화자체가 안통함..s형들이 그나마 대화 되고 xsxj나 xsfx 애들이 좋아"
"676",1092,"ESFP덬 잠깐 놀러왔다","         아니 내주위에는 I아니면 E인친구들은 거의 다 ESFP이길래 많은줄 알았거든? 근데 그게 아니라해서 놀람<U+00A0>        "
"677",1099,"INFP 갤 가지 마라 영자 바뀌고 글 지 맘재로 지운다 자꾸 지우네","INFP 갤 가지 마라 영자 바뀌고 글 지 맘재로 지운다자꾸 지우네 진짜 갤 망이다"
"678",1100,"내 최애 esfp","나 isfj인데 esfp러버라 갤 들러봄esfp 너무 좋아 진챠 내 성격 이상형그럼 좋은 하루 보내시라구"
"679",1101,"노출 심한 옷에 대한 생각 어때?","수용 가능? "
"680",1102,"여기 자주 보이는 엣프피들은 좀 불쌍한거같음","엣프피라는 성향을 갖고도 이런데 자주 오는건 ㄹㅇ 심각하게 하자 있다는거임"
"681",1103,"내최애ㄴ esfj isfj isfp esfp",""
"682",1104,"엠비탸 과몰입충들이야 sn이 제일 다르다 뭐 이러지만은","내가 생각할때는 ft가 아주심한거같음  여자라 주위에 f가 많아서 일수도 있고  난 남자도 주변인들 f가 많음 t처럼 보여도 f가 많더라  근데 진짜 t들도 있기야 있긴한데  얘기를 하다가 섬칫했던 사람들이 t에 많았음  뭐지 왜 이런소리를 하는거지 진심으로 하는소린가? 싶은..  "
"683",1105,"톡답장 존나느릴때 하는 구라",""
"684",1106,"님들은 연락할 때 답장 바로바로 보냄?","난 아싸형 esfp라 그런지여자한테 톡이나 디엠 오면 그 미리보기로 뭔 내용인지 봤다가 중요한거 아니면 한 20분~3시간 이내로 답장함그리고 좀 호감있는 상대면 보기 전에 찐따같이 가려서 한글자씩 봄ㅋㅋㅋ"
"685",1107,"어버이날 챙겨따","아빠는 안줄려했는데 낼 불쌍해서 줘야겟노......  "
"686",1108,"인프피이지만 궁금해서 끄적여볼게","이런 글싸도 됄지 모르겠지만 불편하다면 미안해 그런데 이런걸 누구한태 말하든 이해를 못해서 여기다가 끄적여 볼게지금 여자친구가 있는데 esfp임 그래서 그나마 다르겠지만 비슷한 사람이 있을까봐 물어볼게가끔 여자친구가 하이텐션이였다가 급우울해져 근데 왜 그런지 물어보면 아무렇지도 않다고 하고 목소리나 그런거 알자나 그런게 디게 다운이야.... 내가 어쩌면 좋을까 한두번도 아니고 그냥 시간 지나면 괜찮아진다고 그러는데 내가 할수있는건 없을까??"
"687",1109,"니들은 뭐냐","니들이 나랑 잘맞는지 함 보자 "
"688",1110,"아싸들 따돌리는 이유가있음","진짜 이유있는거임"
"689",1111,"I가 E로 바뀌었는데 이유가 뭘까","작년 고3때 mbti 처음 접해봤는데 몇 번을 해도 ISFP 나왔는데 요즘은 계속 ESFP로 나옴근데 왜 바뀐건지 이유를 모르겠네"
"690",1113,"내가 본 엣프피","         본인 잇프피임 우리 어무니도 엣프피고 주변에 엣프피 은근 있는데 ㄹㅇ 성격 다 빼다박은거같음일단 슈퍼인싸 기본 패시브고 어디 같이 놀러가는거 개좋아함ㅋㅋㅋ 사진만 봐도 이미 나 활발해요 다 써져있음난 대체적으로 엣프피들이 진짜 우주최강오지랖<U+00A0>쬐끔만 줄이면 공감도 잘해주고 리액션도 좋아서 난 너무 좋더라<U+00A0>        "
"691",1115,"머니게임 씹노잼이던데 왜케 쳐난리노","1회보고 치움 현실이 그거보다 더 복잡함 "
"692",1117,"노래듣기싫다","나도 내가 좀 웃기긴한데 친구랑 여행가서 숙소 같이쓸때 친구가 노래를 계속 틀어놓던데 나한텐 그게 소음으로 느껴졌음 되게 거슬리고...싫어하는 노래도 아님 내가 좋아하는노래임.. 평소에 집에서 틀어놓는버릇 자체가 없어서 그런가 쉬고싶은데 신경거슬림;; 근데 나도 차에서 트는거나 노래방이나 내가 부르는건 좋아함  "
"693",1118,"vs 놀이",""
"694",1122,"안녕하세요!","INFJ인데 하나뿐인 ESFP 친구가 지치고 힘들어해요뭘 어떻게 위로 해줘야 다시 기운 차릴까요!"
"695",1126,"우럼은 어쩜 이렇게 커여운 이모티콘만 살까",""
"696",1128,"우리아빠는 극i라서 아예 말이 없음 아마 내향 80프로인데","카톡도 안하고 전화랑 문자만 함 근데 답장 온 적도 1번도 없음ㅋㅋ 할 말 있으면 전화 옴  너무 귀여워 근데 아빠랑은 왠지 모르게 연락 안하게 됨.. 뭘해도 리액션이 없어서 놀기싫음  내가 하도 돈달라고만 전화해서 차단당한 전적도 있는데 (엄마가 풀어줌)  요새는 부모님이 하루가 다르게 늙어가는 느낌이라 아빠 생각하면 가슴아픔 돈도 내가 줌 아빠는 에고그램도 칙칙한 인생 타입임  가끔 같이 여행가면 재밌어하는게 티가 나던데.. 혼자 놀러다니지 말고 같이 좀 다닐걸 후회됨  "
"697",1131,"esfp들아 너네들은 우울증에 좀 둔감하니","나는 esfp누나를 둔 동생인데.. 우리 집안환경이 좀 안좋아 엄마아빠가 좀 통제성격이 강하고 엄마아빠 사이도 그렇게 좋은편은 아니어서 집안 분위기가 항상 냉랭해개인주의분위기도 있고 그래서 나는 이 분위기에 너무 숨이 막혀서 우울증이 좀 왔는데 누나한테 물어봤는데 누나는 별 상관 안한다고는 하는데 내가 보기에 얘가 감정의 높낮이도 좀 심하고 예전에는 아주 살짝 손목에 자해...? 까지 했는데 자기가 이제는 괜찮다고 하는거면 괜찮을걸까집이 지방이라 상담 받으려면 좀 멀리 나가야해서 같이 갈까 생각중인데 어떻게 생각해 ?? 너희들은 좀 우울감에 둔감한 편이니??금방금방 다시 기분 풀리고 그래??"
"698",1137,"Enfj에서 왔어요","여자가 esfp이면 enfj랑 성격 궁합이 어떤가요"
"699",1138,"한 씨벌넘이 지멋대로 독점했다고해서 나왔습니다.","여긴이제 제땅입니다. "
"700",1139,"여기가 그 인싸유형 갤러리...?","인싸갤답네요 "
"701",1140,"ESFP들아 니네는 (친구로서) 자길 좋아하는게 보이면 무슨 생각함?","ENFP인데 친구중에 ESFP 잇거든 내가 걜 되게 좋아해서 뭐든 먼저 챙겨주고 잘 대해줄라하고 먹을것도 많이 사주고 그런단말야 성격 자체가 내가 좋아하는 사람한텐 뭐든 퍼주고싶어함 솔직히 집착까지는 아닌데 약간 치댈때도 많음 무슨 마음으로 이러냐면 그냥 ENFP특인데 얘한테 특별한? 좋은? 사람이 되고싶어서 이러는건데  너네는 누가 이렇게 잘 대해주는게 눈에 띄게 보이면 부담스럽거나 별로야? "
"702",1141,"Isfj ","너네도 의리파냐? 우리가 의리파라서 우정 소중히 생각하는데 먼가 너네도 그럴듯 사랑해 잇프제♡♡"
"703",1142,"자유로운 연예인들아 너네는 연락 하루에","몇명이랑 해? 나는 기본 6명 ㅜㅜ 적지 ㅜㅜ 근데 그룹 톡이 있는데 거기 사람들이 25명이라 ㅋㅋㅋㅋㅋㅋㅋ 머 더 정확히 말하자면 하루에 31명하고 연락함. 아 나도 엣프피임(자랑같다고 느꼈으면 자랑맞음)"
"704",1143,"내땅관리 하러옴","또 올테니까 씹창 내놓지 말고 얌전히 있으세요 "
"705",1144,"ESTJ 씨발넘들은 왜 ","여기꺼지 와서 지랄들이래 ㅋㅋㅋㅋㅋㅋ 병신년들 나가뒤져 씨발년들아 "
"706",1145,"수사반장 노무현반장입니다.","자세한 사항은 IXXP갤러리에서 저를 찾아주시기 바랍니다. 이상. "
"707",1147,"와 내가 안읽씹당해보니 급빡치네","아 혈육년ㅠ 이년도 엣프피인데 거울치료 좆되네  10일을 씹히네 시발 "
"708",1148,"역시 난 엄마ㄱㅏ 젤조와 사랑한다는말도 잘하고",""
"709",1149,"아웃겨 답왔노","웃겨서 봐줌 "
"710",1150,"믿고거르는인간 1티어 문.신.충",""
"711",1151,"나도 로맨스스캠 당해봤다!","인스따 사기 당해봤다 이말이야~ 인플루언서다 이말이야. 몇일간 재밌게 외국어 공부했다 ㅋㅋㅋ "
"712",1152,"난 사기꾼 의심병 말기라 사기는 절대 안당해",""
"713",1157,"엣뿌삐가 ㅆㅅㅌㅊ인이유",""
"714",1158,"나근데사실.. 킹감능력 없는거가틈",""
"715",1159,"엣뿌삐특 : 공부를 잘해서 슨상님이 조아함","그저 똑똑이 "
"716",1160,"p는 정말 죄악중의 죄악인듯","나도 스케쥴이 다 짜져있는 삶이 더 좋은거같음  계획도 없이 노는것도 계속놀면 모든게 지겨워  "
"717",1164,"솔직히 이런연락만 하는사람이 제일편해",""
"718",1170,"나 성격 ㄹㅇ 좆된듯","         원래 좀 관종끼있고 외향형이었는데잘 맞던 친구들하곤 어찌저찌 손절하고 새 친구들을 사귀었거든??근데 새 친구들은 좀 내향형이라 내가 존나 부담스럽다고 슬슬 피하기 시작함ㄹㅇ 인간관계의 토대가 무너진거 같아서 자존감도 떨어지고 내향형 돼가는거 같은데 괜찮은거냐??        "
"719",1171,"나 이제 외향충 안하려고 시끄럽대","너무해 "
"720",1172,"엣프피들아 우리가 6위래 분포 결과",""
"721",1173,"여긴 왜 사람들이 3명밖에 활동안하냐 ㅋㅋ","개웃기네 역시 인싸들 이런 것에 관심조차 없죠 ? ㅋㅋㅋㅋㅋㅋ 여기있는사람들은 좀 친구 적거나 정신병 가진 얘들인가"
"722",1174,"하이 2w1입갤","근데 엔팁을 곁들인"
"723",1175,"infp랑 썸타는데 죽을거같다","         얘가 나를 좋아하는게 맞나 싶어ㅠㅠ 불안하기도하고일단 표현을 하나도 안함만나자하면 그러자하고 연락도 꼬박꼬박 잘해주고 그러는데플러팅이 하나도 없음..<U+00A0>나는 엄청 표현 많이하는데 그에 대한 반응도 없음 ㅠㅠ막 귀여워 이런말 해주면뭐야 ㅋㅋㅋ 이렇게라도 반응 해주면 좋겠는데그냥 바로 다른얘기ㅠㅠ금방이라도 얘가 나 연락 끊어버릴 것만 같고...그래... 하지만 너무 좋아 하루종일 얘생각뿐 ㅠㅠ        "
"724",1176,"친구가 짝사랑에 힘들어할때 위로법 모르겠음","욕밖에 안나감 "
"725",1177,"그냥 외향충으로 살거임",""
"726",1178,"눈이 달려있으면 누구나 꽃미남 꽃미녀 좋아하는거 아닌가",""
"727",1179,"나 면상 개작대 데헷",""
"728",1180,"사회생활은 무조건 윗사람한테 굽혀야돼","난 그렇게해서 구질구질하게 살아남았어...  "
"729",1182,"헐 ㅅㅂ 쌈 디 엣프피였네; 싫어했는데;","앞으로 좋아함  "
"730",1184,"여기 유동일기장인가여","하위"
"731",1186,"야 내가 많이 변했냐 살다보니까 다 변하더란 말들","믿을 놈 없는 곳이라 조심하라는 말들  난 널 뭘 보고 믿지  의리 따지던 친구들도 길이 나눠지지  절대 순진하지 말라네  많은 요구사항 동시에 몇가지 듣지  못미더운 그놈의 말과 오래된 친구의 절대 알 수 없는 속  "
"732",1187,"내 mbti 변천사 enfp->infp->intp->esfp ","I 기간에 우울증으로 엄청 시달렸었음이제 약먹고 다 나아서 e로 돌아왔다"
"733",1189,"esfp가 내가 제일 좋아하는 유형이래","같이 있으면 느슨해질거라 생각했는데  오히려 있는 내내 긴장해서 일 빨리 끝나게됨 신나는 부탄가스랑 일하는 느낌이야  "
"734",1190,"찐친이 esfp임","난 infj인데 찐친이 esfp ㅋㅋㅋㅋㅋㅋ존나 다르다고는 생각했는데 만나면 개편한 사이 ㅋㅋㅋㅋㅋㅋㅋ"
"735",1191,"니네 주관 뚜렷해?","제곧내 "
"736",1192,"본인이 본 esfp","Esfp 상사 친구 가족있음 본능에 충실하고 머리아픈 생각 하기 싫어함 거절 못해서 여기저기 끌려다님 귀 얇음 대화할때 무조건 공감해주기 때문에 내용이 와닿지 않음 뇌 빼고노는 술자리 같은 자리에 있으면 즐겁지만 가까이 두면 좀 답답하긴 함ㅋㅋ "
"737",1193,"잇프피갤에서 왔는데","엣프피들은 어떤유형임?잇프피에서 앞부분만 외향형으로 바뀐것같은데 어떰?잇프피처럼 행동력 부족하고 작심삼일하는거 심한편인가?잇프피랑 잘맞는지도 궁금하노 "
"738",1194,"찐친까진 아니고 짱친이 esfp임","본인은 infj ㅇㅇ 얘도 은근 은유적이고 그런거 좋아하던데 갤럼들도 그러냐? "
"739",1195,"옛날노래들으면 그거 관련된 친구가 생각나",""
"740",1197,"아무생각을 안한다고 해놓고 생각하는 n이 이상한거지","전이 맞지 "
"741",1198,"인팁인데 엣프피 좋음","제일 에너지 넘치는 유형인거 같음옆에 있으면 나도 힘이 남 ㅇㅇ"
"742",1199,"엄마말이 다 맞음","ㄹㅇ로 "
"743",1202,"족구팬이었는데 좆같다ㅠㅠ 정떨어져",""
"744",1203,"스무살에 결혼해서 스물하나에 애낳은 친구 있는데 잘살던데",""
"745",1204,"주변인들이 디시를 너무 많이해서 좆됨 나 들킬듯",""
"746",1205,"아그래도 지부모 욕하는사람 싫은건 어쩔수없음","혹시 나인거 알고 보고있다면 나한테 앞으로 하지마셈  아들은 애비인생 따라가고  딸은 애미인생 따라간다는거  1프로 제외 진리라고 생각함  지부모 욕하는 병신들 지부모보다 더 앰생에 역한데 지만 모름  "
"747",1206,"엣프피 남자는 보통 여자를 좋아할때","어떻게 행동함? "
"748",1207,"하 철구씨발련 쪽팔려도 아는척 존나하고다녔는데 이지랄이나네",""
"749",1208,"베프랑 맞는게 하나도 없어",""
"750",1209,"니네 fps나 롤 같은거 잘함?","         ㅇㅇ?        "
"751",1210,"애인이랑 사귀고 있어도 전애인 가끔 생각나나","사년 조금 넘게 사겼는데 작년 이맘때쯤 헤어짐이런 생각나면 지금 애인한테 안되는데 우짜노"
"752",1211,"앂브피때문에 공감능력 상실한 사람들","아 ㅅ발 고민이없는데 고민이많은씹년들때문에 고민이 생기다니 "
"753",1212,"내가 진짜로 좋아하는 단 하나의 연예인","유누 "
"754",1213,"이제 후를 놔줄때가 된듯","노노카랑 박진우로 갈아타자 "
"755",1215,"이러지말고 힘을내자",""
